,indice_Termini_Diretti,indice_Alimentari,indice_Energia,indice_Abitazione,indice_Trasporti,indice_Politiche_Economiche,indice_Aspettative_Consumatori,indice_Sanita,indice_Ricreazione,indice_globale,indice_Inflazione_Aggregato
2004-01-01,0.8077889982483651,-1.817565556040013,-1.5349757893991895,-3.4919593028834233,-1.6464315922699857,-2.1187643835135903,-2.3112986811126577,-3.4262022319501986,-2.8122564664393908,-6.097333778250176,2.1568403311984494
2004-02-01,1.8344427706625095,-3.1938222749822454,-2.062738285450674,-3.7156602512060886,-2.148005445712303,-1.4028711213618048,-1.2149022417946207,-3.4262022319501986,-1.4242590500423535,-5.987356364713972,2.4582039524036476
2004-03-01,-2.037321944930383,-3.1938222749822454,-2.062738285450674,-3.5478845399640897,-1.180502181652096,-2.1187643835135903,-2.3112986811126577,-3.4262022319501986,-2.9253321983261142,-7.475332072116723,1.6672557803901977
2004-04-01,-0.2945597044732588,-3.1938222749822454,-1.7659062741832294,-3.659735014125422,-2.148005445712303,-1.4028711213618048,-2.3112986811126577,-3.4262022319501986,-2.7839875334677098,-7.2031791911045975,1.4278543533900114
2004-05-01,-1.0026177050214133,-3.1938222749822454,-1.5927084105951994,-3.519921921423756,-2.2365184786727115,-1.4744604475769831,-2.3112986811126577,-3.4262022319501986,-2.699180734552667,-7.263389949417581,1.429423635085326
2004-06-01,-1.1363342071053073,-3.1938222749822454,-1.9472730430586545,-1.9377454457648482,-1.5075105616466746,0.4019223417083696,-2.3112986811126577,-2.480939049852281,-2.7839875334677098,-6.118185031113194,0.5001966272616585
2004-07-01,-1.5572214584213318,-3.1938222749822454,-1.359054957382028,-3.5478845399640897,-1.2690152146125049,-1.546049773792162,-2.3112986811126577,-2.1658513224863087,-2.9253321983261142,-6.646228184475864,-0.012115844662828721
2004-08-01,-3.1298497130054455,-3.1938222749822454,-1.7740751794706247,-3.3241835916414244,-1.4325194046097942,-2.1187643835135903,-2.3112986811126577,-3.4262022319501986,-2.7839875334677098,-7.679494731003558,-0.2645441814815715
2004-09-01,0.6740724961644711,-3.1938222749822454,-1.6531640002203412,-2.586308951325928,-0.389853017205363,-2.1187643835135903,-2.3112986811126577,-0.16143418554039896,-2.8405253994110713,-4.782127847012667,1.042398707405133
2004-10-01,-1.776004953441731,-3.1938222749822454,-2.120470906646684,-2.7261220440275937,-0.7008789288033337,-2.1187643835135903,-2.3112986811126577,-2.5859682923076055,-2.8122564664393908,-6.64206368023266,1.0800114917850787
2004-11-01,-0.7579804522575357,-2.192908297569713,-2.0050056642546643,-2.1334837755471803,-1.5343823471863878,-1.4744604475769831,-2.3112986811126577,-3.4262022319501986,-2.8405253994110713,-6.280477448815523,1.013955410378814
2004-12-01,-0.48687658206868945,-3.1938222749822454,-1.6531640002203412,-2.6981594254872605,-2.590570610514347,-2.1187643835135903,-2.3112986811126577,-3.4262022319501986,-2.7839875334677098,-7.107290215758128,1.0875162554161013
2005-01-01,-0.26503508070872217,-3.1938222749822454,-2.178203527842694,-2.6701968069469273,-0.5720620048850363,-1.331281795146626,-1.4142470489433547,-3.4262022319501986,-2.8122564664393908,-6.161353188154424,1.9781264376983165
2005-02-01,0.3413102441245202,-3.1938222749822454,-2.120470906646684,-2.6701968069469273,-1.268843248305161,-1.6176391000073405,-2.3112986811126577,-2.480939049852281,-1.4807969159857153,-5.744561694446064,1.7551003023907479
2005-03-01,0.3980102207667346,-2.510965447419857,-1.5349757893991895,-2.6142715698662613,-1.2341559822261692,-1.4028711213618048,-2.3112986811126577,-2.5859682923076055,-2.1323922247267126,-5.4824064922136255,0.5409690255336784
2005-04-01,-1.6453464576974053,-2.8097153094784018,-2.120470906646684,-3.0670967456450087,-2.4135445445935293,-1.6176391000073405,-2.3112986811126577,-2.480939049852281,-2.8122564664393908,-7.072569323320447,0.6443921825362356
2005-05-01,0.554522474254539,-2.9377509646463498,-1.826361863808371,-3.5758471585044225,-2.041049351882207,0.11368249838631686,-2.3112986811126577,-2.6909975347629294,-2.8122564664393908,-6.457299293165143,0.4033374847784891
2005-06-01,0.7874724494489,-3.1938222749822454,-2.0050056642546643,-2.5303837142452617,-1.475545624853459,-1.1165138165010904,-1.6135918560920886,-2.270880564941633,-2.8687943323827523,-5.793258313118354,0.1862369133040217
2005-07-01,-0.08878508215657538,-2.9377509646463498,-1.6531640002203412,-2.5024210957049284,-1.6685541591708846,-2.1187643835135903,-2.3112986811126577,-1.9557928375756606,-1.0924953210373867,-5.4422490423057,0.0013825571579346241
2005-08-01,-2.08902946041734,-2.8950724129237004,-1.5954313790243313,-2.5024210957049284,-1.7730496605279014,-2.1187643835135903,-2.3112986811126577,-2.060822080030985,-2.8405253994110713,-6.554269566310685,-0.551528683696217
2005-09-01,-0.9163931046146625,-3.1938222749822454,-1.5954313790243313,-1.3305901432906653,-1.1913914987952017,-1.4744604475769831,-1.6135918560920886,-2.901056019673578,-2.160661157698393,-5.554649303695409,0.4931255284624959
2005-10-01,-0.2416605255696891,-2.980429516368999,-2.120470906646684,-2.3012594867891796,-1.6149901291021649,-0.6775651669033252,-2.3112986811126577,-2.7960267772182537,-2.160661157698393,-6.102575296402847,0.19883083234599475
2005-11-01,2.6059348762912755,-2.9377509646463498,-2.2359361490387037,-2.7261220440275937,-2.5020575775539386,-0.822626357795021,-1.7132642596664556,-2.7960267772182537,-1.3729708077347313,-5.4680870337326315,0.32073564505327923
2005-12-01,-0.36426855381918927,-2.8950724129237004,-1.826361863808371,-2.86593513672926,-2.1885710734828887,-1.7608177524376976,-2.3112986811126577,-2.901056019673578,-1.6261112800653916,-6.351369140538589,0.38139357021506837
2006-01-01,-0.8196388341086406,-3.1938222749822454,-1.6863626311267887,-2.6701968069469273,-1.322669015186578,-1.6176391000073405,-1.7132642596664556,-1.136277752112679,-2.188930090670074,-5.404408979699387,1.2984629324249246
2006-02-01,-1.779062959781299,-2.312179728763517,-1.7686292426123609,-2.6981594254872605,-2.17504919755936,-1.4028711213618048,-1.9126090668151896,-2.5859682923076055,-2.8970632653544333,-6.472385332260517,0.5552345471237211
2006-03-01,1.5220023234997941,-3.0231080680916484,-1.826361863808371,-3.1509846012660083,-1.6309725974987725,-0.3930904005039497,-2.3112986811126577,-2.6909975347629294,-2.1323922247267126,-5.802867103740717,0.4958514775227104
2006-04-01,-0.7826766025307687,-2.9377509646463498,-1.6286300099307789,-3.095059364185342,-2.0545712278057353,-0.46656226518046695,-2.3112986811126577,-2.6909975347629294,-2.8687943323827523,-6.641581811452669,-0.17424361969929775
2006-05-01,1.3118480997093431,-2.9377509646463498,-1.6531640002203412,-2.586308951325928,-2.1000580405224794,-0.4646797267191283,-2.3112986811126577,-2.480939049852281,-1.9943123338934117,-5.595803592342849,0.29942213876135093
2006-06-01,-1.2035638538467928,-3.0231080680916484,-1.826361863808371,-2.586308951325928,-2.424605828043979,-0.6813302438260027,-2.3112986811126577,-0.8580498257685539,-1.8958380277950266,-5.74202104041225,0.42900274005070876
2006-07-01,-0.5522058299408525,-2.8950724129237004,-1.8290848322375026,-2.5303837142452617,-2.0840755721258715,-1.7608177524376976,-1.9126090668151896,-1.0060988903303676,-1.0076885221223437,-5.215666914353384,-0.6730576898030218
2006-08-01,-0.9847803588263935,-3.1938222749822454,-1.7686292426123609,-2.586308951325928,-1.9955625391654632,-0.8942156840101997,-1.6446151219722707,-2.3759098073969573,-2.8405253994110713,-6.361963988888464,-0.38404954404882763
2006-09-01,-1.03842232912904,-2.139123912410418,-1.8868174534335125,-1.3585527618309985,-0.4308114853504579,-0.822626357795021,-2.0122814703895564,-2.5859682923076055,-2.5288622115264134,-5.0726527732921,0.1849642314537089
2006-10-01,-1.226359605250703,-2.9377509646463498,-2.0022826958255324,0.024057982043759345,-1.6041905824644125,-1.1843380657935916,-1.7132642596664556,-0.9137293800366069,-1.3144480921807338,-4.279413855006014,0.23744983159791266
2006-11-01,-0.9502973298529667,-2.9377509646463498,-1.5681744203056371,-2.78204728110826,-2.247579762123161,-0.6794477053646639,-2.0122814703895564,-1.2530171762628635,-2.247452806224072,-5.757807010404199,-0.018850228416545663
2006-12-01,-1.5135303544828336,-2.9377509646463498,-2.0600153170215423,-3.3467229310483404,-2.4836145166842516,-0.8960982224715384,-2.3112986811126577,-2.437919227745792,-1.8792517523960521,-6.830381637556481,-0.10310316518885031
2007-01-01,-0.8510638567424994,-2.8950724129237004,-1.9445500746295223,-1.3026275247503323,-1.6014682531786362,-0.7529195700411813,-2.0122814703895564,-1.3885763536592532,-1.6543802130370726,-4.931895804093494,0.9811704059136971
2007-02-01,-0.20856784516556387,-2.6477653265619487,-1.826361863808371,-1.3026275247503323,-1.912494164776607,-1.0392768749018955,-1.9126090668151896,-0.7593504493940114,-2.4723243455830515,-4.784265918556839,0.4200103957565207
2007-03-01,0.3774609308682134,-1.526508729836494,-2.117747938217552,-2.6422341884065945,-2.218075417803025,-0.967687548686717,-0.50833711379294,-1.0492885574329969,-2.247452806224072,-4.475606239184657,-0.004981453813794274
2007-04-01,-1.7014676306044967,-2.772879573738515,-1.5104417991096273,-1.6995274634484134,-2.0840755721258715,-1.689228426222519,-1.9126090668151896,-0.8392300725223485,-1.2442427190540295,-4.999075009799428,-0.24678837607562615
2007-05-01,-1.6786718792005866,-2.980429516368999,-1.826361863808371,-1.1907770505889996,-1.6739988177424372,-0.7529195700411813,-1.8129366632408226,-1.098638245620268,-0.709692841421028,-4.671280502444066,-0.15700033239161928
2007-06-01,-0.18577209376165366,-3.065786619814298,-2.0600153170215423,-0.443546441570954,-1.644494473422301,-1.0411594133632343,-0.3749379062807939,-2.122831500379819,-1.5841748399103686,-4.435795381646923,-0.1019624125295567
2007-07-01,-1.5480133834562602,-2.394028153906227,-1.7686292426123609,-1.0509639578873335,-1.7920161950229827,-1.546049773792162,-1.9126090668151896,-1.6470349762904697,-1.077893895249048,-4.838221664821343,-0.5494685529929391
2007-08-01,-1.4598883841801868,-1.1482445803154133,-1.710896621416351,-2.5024210957049284,-1.7733113973405987,-0.8979807609328772,-0.20931990306983903,-0.8580498257685539,-0.9628333137516883,-3.823772724245771,-0.6088516225939501
2007-09-01,-0.1315513197238844,-0.6733480210790791,-1.5681744203056371,-1.2187396691293326,-1.077870887190596,-0.8979807609328772,-0.5742827134295279,-1.6479845267571727,-1.935789618339414,-3.2906805503665404,-0.15501838900340723
2007-10-01,-1.3915011299684559,-1.269850149189391,-1.5681744203056371,-1.3585527618309985,-1.193165935185365,-0.6464049443497963,-1.7132642596664556,-1.6479845267571727,-1.9075206853677331,-4.258272271304909,-0.2924763004162411
2007-11-01,-1.3372803559306867,-0.7131051648103471,-1.4527091779136174,-1.1200725656723671,-2.2503020914089378,-0.6813302438260027,-0.47461030985516084,-1.0378911707199059,-1.6261112800653916,-3.5069772854742567,-0.14751362537238474
2007-12-01,-1.923309131964464,-1.9125395073249412,-1.4527091779136174,-1.2039604212933668,-2.0735377623008167,-0.8979807609328772,-0.8767553612259894,-1.802363457399768,-1.4827817655963513,-4.509673268394204,0.19395657574789696
2008-01-01,0.3318694280603927,-1.533688087492653,-1.4527091779136174,-0.47150906011128735,-1.7194856304591815,-0.3232398015515371,1.059605413605874,-0.8885797607096197,-1.9075206853677331,-2.496670566109977,1.0515646810416766
2008-02-01,0.23263595494992556,-1.702068156703076,-0.8272533324391034,-0.952296854430368,-1.9715028534168797,-0.8263914347176986,-0.2752655027064269,-2.2278607428351433,-1.2744965016363465,-3.4247333346708366,0.7005708550575919
2008-03-01,-1.8351841326883906,-1.365895288593437,-1.2979412875257323,-0.952296854430368,-1.383452140217014,-0.8263914347176986,1.5489886180727355,-1.154317799888321,-0.709692841421028,-2.586066394345096,0.278048600527577
2008-04-01,-0.866892738608957,-1.146490241164119,-1.3556739087217424,-0.443546441570954,-1.2949391072566052,0.03456301832578304,-0.47461030985516084,-1.3580464187181875,-0.9628333137516883,-2.7829327445336,0.3669522455722046
2008-05-01,-0.5908304632112203,-1.8271824038796425,-1.2217786931295778,-1.6715648449080802,-1.985024729340408,-0.6078583791494854,-0.2058644659964783,-1.3023668644501347,-0.9628333137516883,-3.5914352148829805,0.2524593588599576
2008-06-01,0.07860290406656645,-1.2805381851481386,-1.2795113143255878,-0.8124837617287022,-1.8805292279833916,-0.6794477053646639,0.6128073160579027,-1.802363457399768,-1.3310343675797083,-2.936321984280954,0.565543447130024
2008-07-01,-1.8012799074500867,-2.437293975940084,-1.1824760451337126,-0.967076102266334,-1.9100335723035278,-1.4744604475769831,-0.9764277648003564,-1.122838314480552,-0.41461592893534455,-3.9136102100993573,0.5649730708003772
2008-08-01,-1.7698548848162274,-2.0803323062241574,-1.455432146342749,-1.636879434094465,-1.615251865914862,-1.689228426222519,-1.3751173790978244,-1.4872757300337958,-1.0193711796950502,-4.522592706232469,-0.005551830143441068
2008-09-01,-0.7898762131672775,-1.7014808863918687,-1.0854407759418374,-0.9243342358900348,-0.6963505842316846,-1.1843380657935916,0.9812255634909524,-1.5429552843018488,-1.8792517523960521,-2.901977589430463,0.5649730708003772
2008-10-01,-1.2310800132827668,-1.3214623977194935,-1.2217786931295778,-0.5833595342726201,-1.31118331246591,-0.6813302438260027,-0.25742838632034226,-1.2810133508877743,-1.4493114660455513,-3.076150828426787,0.5511042961976257
2008-11-01,-1.1312677364371768,-1.1844930457440925,-1.145896365566979,-1.8673031746904125,-1.6784955834183772,-1.0411594133632343,0.4615709921596721,-1.753013769212497,-1.1679020607432098,-3.478681238347356,0.03999938269938695
2008-12-01,-1.1312677364371768,-1.4892551966187093,-1.2217786931295778,-1.8737637531214981,-1.901008462055939,-0.41352512439518435,-2.1119538739639236,-2.0617716304976876,-1.2296412932656908,-4.603796395131647,0.010203876501071863
2009-01-01,-1.1768592392449975,-2.3412488365360375,-1.2613616079589987,-0.47150906011128735,-1.5469563302143035,-0.5381515913956456,-1.54419081938214,-1.2784795905716198,-0.709692841421028,-3.681857280413289,0.8005917851433013
2009-02-01,-1.0431427371611037,-2.3014916928047695,-1.2009060183338571,-0.49947167865162045,-1.9715028534168797,-0.8979807609328772,-1.0761001683747236,-1.0961044853041133,-0.9345643807800075,-3.6882901307464975,0.17052290681084517
2009-03-01,-1.7895926298805702,-1.5734452312239209,-1.060906785652275,-0.35965858594995453,-2.0010071977370156,-0.68118643262743,-0.9764277648003564,-1.0492885574329969,-0.9345643807800075,-3.396955442654771,0.03999938269938695
2009-04-01,-0.9550177378850303,-1.9623974167037492,-1.3556739087217424,-0.6820266377295855,-1.31118331246591,-0.8960982224715384,-1.1757725719490906,-1.6479845267571727,-1.2744965016363465,-3.813510595260759,-0.30691545134863935
2009-05-01,-0.9007969638472612,-2.2143802502081766,-1.5104417991096273,-1.776692526796131,-1.0296617451880756,-0.8979807609328772,-1.54419081938214,-1.43539228153037,-0.6814239084493471,-4.097743219951132,-0.28554191311486543
2009-06-01,-0.9550177378850303,-2.4782181885114385,-1.5104417991096273,-1.0789265764276668,-1.471965173177423,-0.39120786204261093,-1.2754449755234574,-1.4379260418465245,-0.9911022467233692,-4.0770990621939855,-0.14751362537238474
2009-07-01,-1.1768592392449975,-1.9623974167037492,-1.5104417991096273,-0.35965858594995453,-1.3084609831801337,-1.3293992566852872,-1.2754449755234574,-0.39396348337406484,-0.9911022467233692,-3.3101653093343097,-0.5355997783901878
2009-08-01,-2.222167158766111,-1.61612378294657,-1.2979412875257323,-1.6156396078274138,-1.2066878111088937,-1.6176391000073405,-2.2116262775382904,-1.4872757300337958,-0.9628333137516883,-4.496738037632179,-0.5873413728623892
2009-09-01,-1.2421884871171607,-1.8372831695271825,-1.4134065299177523,-0.5274342971919537,-0.8580803378388104,-1.25592739200877,-0.4567731934690762,-1.2530171762628635,-1.4210425330738703,-3.3557699256658915,-0.4825438019163373
2009-10-01,-1.0659384885650138,-1.6665689626365856,-1.5681744203056371,-0.6952100084339528,-1.2976614365423815,-0.8263914347176986,-1.643863222956507,-1.0935707249879587,-1.6261112800653916,-3.845708570887269,-0.5425341656915634
2009-11-01,-1.264984238521071,-1.9286525617885528,-1.0974864652190084,-1.8737637531214981,-1.4289389529337582,-0.8979807609328772,-1.1757725719490906,-1.540421523985694,-0.5465605345845297,-3.9607677378152264,-0.41490978930183603
2009-12-01,-2.2986048804726678,-1.3629738806020557,-1.0974864652190084,-2.7048822177605425,-1.9527980557344957,-0.6832127822873415,-1.1757725719490906,-1.9567423880423636,-0.5517619011636489,-4.585600513577607,-0.49698295284873534
2010-01-01,-1.264984238521071,-1.4483309840473544,-0.9215656332018467,-1.2811254846410844,-0.999895664055242,-0.5381515913956456,-0.9764277648003564,-1.355512658402033,-0.20341189675970733,-3.01398568047882,0.22994289425642453
2010-02-01,-1.724263382008407,-1.9713311135112022,-1.0004511960271332,-0.6113221528129532,-1.222408542692804,-0.46656226518046695,-0.9764277648003564,-1.5378877636695392,-0.4000145031470059,-3.365949430008718,-0.31499276501977413
2010-03-01,-1.1540634878410874,-1.2378596334254892,-1.0974864652190084,-0.5274342971919537,-1.1263782219818979,-1.1862206042549301,-0.35710078989470917,-1.540421523985694,-1.1113641947998483,-3.0258208183062925,-0.5129096844442991
2010-04-01,-1.1540634878410874,-1.7092475143592347,-0.9820212228269884,-0.49947167865162045,-1.5879463772551075,-0.6832127822873415,-0.35710078989470917,-0.8555160654523992,-0.9345643807800075,-2.9391547457133753,-0.483114178245984
2010-05-01,-1.430125763238824,-1.5307666795012718,-1.3556739087217424,-1.1133497733990854,-0.8686181476638655,0.10615234454096159,-1.0761001683747236,-1.2530171762628635,-0.9628333137516883,-3.357702324704271,-0.49004856554735965
2010-06-01,-1.1540634878410874,-2.0981996998390633,-1.4134065299177523,-0.38762120449028775,-1.5424595645383634,-0.18020496031975267,-1.643863222956507,-1.1734503481162957,-0.9628333137516883,-3.703692767697331,-0.5355997783901878
2010-07-01,-1.3420007639627505,-1.930406900939847,-1.3556739087217424,-0.3316959674096213,-1.3039642175041941,-1.0411594133632343,-0.4567731934690762,-0.7228034433539334,-0.9628333137516883,-3.1219625940271083,-1.0650773503072877
2010-08-01,-1.8351841326883906,-1.6268118189053176,-1.0827178075127055,-0.8963716173497017,-1.0001574008679395,-1.546049773792162,-0.7076819209416739,-1.6973342149444441,-0.9345643807800075,-3.601295972859229,-0.7775803299943751
2010-09-01,-1.0431427371611037,-1.6250574797540231,-1.2952183190966007,-0.443546441570954,0.025013818562417953,-0.9695700871480557,0.2622261850109382,-0.9391917943453633,-1.0811104122175312,-2.3622617906144248,-0.6799920771043975
2010-10-01,-0.7103804851211527,-1.3629738806020557,-1.4711391511137621,-2.0283560936591294,-0.694314411028824,-0.6095971064122514,-0.08835494603602669,-1.2011337277594374,-0.8279699398868708,-3.1368546723678934,-0.633029297203004
2010-11-01,-1.40260960380285,-0.898765357324469,-1.316371260725877,-0.6113221528129532,-1.617450721575244,-0.14557619376579325,0.2622261850109382,-1.2011337277594374,-0.79970100691519,-2.676593568893917,-0.5734725982596378
2010-12-01,-1.2349888764806518,-1.0238796045010354,-1.2374856979005906,-1.9296889902021646,-1.7649724431759255,-0.4706238750253914,-0.4567731934690762,-1.4630756611735118,-0.006761033315788419,-3.2845552608348347,-0.5734725982596378
2011-01-01,-1.0659384885650138,-0.9829553919296806,-0.8638330120058368,-0.443546441570954,-0.47153979557856496,-0.43207730982508036,-0.35710078989470917,-0.9910752428487891,0.16478915706831251,-1.8195263707539489,-0.15700033239161928
2011-02-01,-0.9550177378850303,-1.0256339436523298,-0.8061003908098269,-0.443546441570954,-1.161625417662368,-0.4501891511341566,-0.25742838632034226,-0.8835122400773103,-1.1113641947998483,-2.38007916631223,-0.3679470094004428
2011-03-01,-1.1540634878410874,-0.9812010527783862,-0.748367769613817,-0.4155838230306209,-0.8255919274202006,-0.6649571297796923,-0.25742838632034226,-0.9885414825326345,-0.5946322599236685,-2.1617029641187493,-0.4375998832477247
2011-04-01,-1.50449268279691,-1.1507481908288963,-0.8061003908098269,-0.4155838230306209,-0.5735747044625025,-0.6649571297796923,-0.4567731934690762,-0.9605453079077234,-0.8780265148366456,-2.4061609834683457,-0.5873413728623892
2011-05-01,-1.3420007639627505,-1.3719075774095086,-0.8061003908098269,-0.30373334886928816,-0.7801051147034566,-0.5933678035645138,0.7303168360183547,-0.6517874466225326,-0.36976072056468906,-1.8151491032033733,-0.550038929322586
2011-06-01,-1.3282426842447634,-1.3719075774095086,-0.8272533324391034,0.5553477343100899,-0.7210964260631839,0.19599732326378932,-0.35710078989470917,-1.0378911707199059,-0.9628333137516883,-2.0997198166335442,-0.5350294020605411
2011-07-01,-1.1657507654106039,-1.4970218245860754,-1.0642878343125608,-0.13595763762728905,-0.4235923903887418,0.9763585421606042,-0.35710078989470917,-0.5190748245240668,-0.3414917875930082,-1.8604926460788795,-0.6273697654624067
2011-08-01,-1.0887342399689244,-0.898765357324469,-1.006555213116551,-0.21984549324828864,-0.2468280612806212,2.4216022320838335,-0.4567731934690762,-0.6241040669793909,-0.9062954478083265,-1.64286972108433,-0.6869264644057732
2011-09-01,-1.0431427371611037,-0.898765357324469,-1.1220204555085707,-0.30373334886928816,0.7301340161472157,2.845755547167522,0.1109898611127073,-0.5747543787921197,-0.8279699398868708,-1.1000941586776647,-0.5653952845885029
2011-10-01,-1.0431427371611037,-0.8560868056018197,-0.849064354299534,-0.49947167865162045,-0.5308102210315347,1.5809386917330142,-0.4567731934690762,-0.9391917943453633,-0.79970100691519,-1.926699796719118,-0.6135009908596554
2011-11-01,-1.0659384885650138,-0.5169925295007994,-0.7090651216179517,-1.197237629020085,-1.0968738776617615,10.0633164382544,-0.4567731934690762,-0.9391917943453633,-0.17835948075650987,-1.0045487406154896,0.11053254303561896
2011-12-01,-0.8126719645711878,-0.04385030941575951,-0.010827730407569245,-1.2811254846410844,-0.8981224919840017,5.306635624224823,0.8299892395927216,-0.9111956197204522,0.6428494258145727,-0.28657040358563657,-0.16888716360615863
2012-01-01,-0.9778134892889406,-0.6438611158286602,-0.18674856242473079,-1.0014992992377525,-0.265271122150308,3.3356662916130846,-0.35710078989470917,-0.5467582041672084,-0.08835131526234785,-1.007831730559206,0.09652705693508062
2012-02-01,-0.866892738608957,-0.561425420374743,-0.30221380481675064,-0.35965858594995453,-1.1206353706215637,2.3871897424289337,-0.4567731934690762,-0.5442244438510538,-0.28495392164964634,-1.2714979626176186,-0.33728350758706677
2012-03-01,-0.5908304632112203,-0.22408548342501705,-0.12901594122872087,-0.24780811178862186,-0.47180153239126216,2.137936808428011,0.2622261850109382,-0.4391952013957298,-0.25668498867796546,-0.46973750417304005,0.03249461906836446
2012-04-01,-0.8896884900128673,-0.39363262147552724,-0.35994642601276056,-0.9176114436167531,-0.4395748587853495,1.9257882452868804,-0.4567731934690762,-0.6517874466225326,-0.003544516347305068,-1.2160971381649177,-0.6794217007747506
2012-05-01,-0.9778134892889406,-0.7399062552327063,-0.535867258029922,0.7976553324705393,-0.45555732718195724,2.484452623544157,-0.4567731934690762,-0.5747543787921197,-0.3132228546213273,-0.8408438709436445,-0.4045058779490828
2012-06-01,-0.866892738608957,-0.3509540697528779,-0.42040201563790225,0.540568486474124,-0.7051139576665763,2.7170359105765223,-0.4567731934690762,-0.5747543787921197,-0.5946322599236685,-0.8454663255378445,-0.32886153962252557
2012-07-01,-0.5255012153390574,-0.5631797595260374,-0.30221380481675064,-0.4981721655117552,-0.17429749671682002,2.636442676429856,0.7303168360183547,-0.2596666514261473,-0.3132228546213273,-0.4361928692948087,-0.7245243535205249
2012-08-01,-1.0234049920967612,-0.3065211788789343,-0.4449360059274647,-0.6939104952940875,-0.04029765103966711,1.9072360598569846,0.6306444324439877,-0.5190748245240668,-0.25668498867796546,-0.7316033029142335,-0.9439187169824711
2012-09-01,-0.866892738608957,0.12218815033216196,-0.30221380481675064,-0.8896488250764198,1.5219928103022586,1.5746664507588901,0.6306444324439877,-0.5254046906048484,-0.17835948075650987,-0.006304236085684614,-0.7320291171515473
2012-10-01,-0.9550177378850303,-0.18140693170236777,-0.7090651216179517,-0.3381565458407068,-0.31101967167974937,1.0560223917880576,-0.4567731934690762,-0.13043734011053904,-0.15009054778482894,-0.9439658996915239,-0.2994106877176168
2012-11-01,-0.9550177378850303,0.03081875807079167,-0.5331442896007902,-1.0853871548587521,-0.9303491655899144,0.9896718965816895,0.36189858858530516,-0.5254046906048484,0.5895280768396943,-0.9358301795754453,-0.5648249082588561
2012-12-01,-1.1768592392449975,0.28163452273513206,-0.7667977428139616,-1.2252002475604182,-1.1694044422255627,1.7374306985844563,1.00804149328201,-1.0961044853041133,0.3594551709015956,-1.1273538409692119,-0.7554627860885988
2013-01-01,-0.801563490736794,-0.0972168970971562,-0.2749568460980564,-0.9455740621570863,0.00026797673091870535,1.545716859334561,-0.25742838632034226,-0.3153462056942002,-0.28495392164964634,-0.8114345607589928,-0.16195277630478289
2013-02-01,-0.8896884900128673,0.37417098383658937,-0.4508776781152179,-0.2542686902197072,-0.7960875831000643,1.368053251548817,-0.35710078989470917,-0.2848162707531344,-0.22841605570628448,-0.7586167058866052,-0.46739538944603976
2013-03-01,-0.9778134892889406,0.19744448812992055,-0.2749568460980564,-0.8896488250764198,-1.0456442135846833,0.49131429504096835,-0.4567731934690762,-0.17725326798165558,-0.14360925679124176,-1.1643371698572893,-0.6794217007747506
2013-04-01,-0.5908304632112203,0.5448851907271864,-0.5908769107968,-0.7777983509150871,-0.8821400235873941,0.3479873761494877,-0.25742838632034226,-0.4203754481495244,-0.031813449318986,-0.9472914627425623,-0.32886153962252557
2013-05-01,-0.5908304632112203,0.19861155697000749,-0.4508776781152179,-0.08003240054662267,-0.39654863854168465,0.36842210004072246,-0.4567731934690762,-0.02287433733906018,0.22132702301167437,-0.45412720064303674,-0.4535266148432884
2013-06-01,-0.42568893849346745,0.19861155697000749,-0.7667977428139616,0.031818073614710084,-0.2760706687880603,0.2991556564077023,-1.1757725719490906,-0.1797870282978103,-0.28495392164964634,-0.9271028983579407,-0.5873413728623892
2013-07-01,-0.8896884900128673,-0.015368471954446317,-0.5331442896007902,-0.4981721655117552,-0.8071488665505139,0.0987344421485654,-0.5564455970434432,-0.1052877207835519,-0.5380943939803067,-1.3006145800862632,-0.9150382414072092
2013-08-01,-1.4847549377325677,-0.05337127653441993,-0.5331442896007902,-0.6379852582134211,0.16419658599842643,-0.3857211943891274,-0.08835494603602669,-0.5747543787921197,-0.2001471227346035,-1.1703874464822808,-1.1273964854745977
2013-09-01,-0.866892738608957,0.323725804146574,-0.5331442896007902,-0.13595763762728905,1.5807397621298342,0.1726466509459024,-0.08835494603602669,-0.20778320292272137,-0.15009054778482894,0.024300092925875944,-0.8844987295368918
2013-10-01,-0.5908304632112203,0.46244949527326923,-0.5908769107968,-0.24780811178862186,0.0725368044820226,0.3320546062239971,-0.25742838632034226,-0.20524944260656666,0.13131885751751235,-0.3468030727437537,-0.5564029402943148
2013-11-01,-0.5908304632112203,1.0131821908362417,-0.5908769107968,-0.24780811178862186,-0.23576677783017175,-0.18500344720774356,0.011317457538340332,-0.02287433733906018,0.9472781404528554,0.16445079578418242,-0.2924763004162411
2013-12-01,-0.7017512138912041,1.1786408520552836,-0.4149560787796386,-1.0853871548587521,-0.8956618995109226,0.029764531437792157,0.1109898611127073,-0.5442244438510538,0.7539403080906606,-0.47957304860266425,-0.6794217007747506
2014-01-01,-0.3381427429525168,0.8804707885256181,-0.09903601408089478,-0.08003240054662267,0.0322329135241341,0.2809000039000532,-0.35710078989470917,0.23653383575885933,0.6177970098113752,0.4475471781438014,-0.050084106559568436
2014-02-01,-0.23833046610692696,0.32664721213795533,-0.2749568460980564,-0.10799501908695586,0.20925897944495198,0.06424948679317878,-0.4567731934690762,0.23653383575885933,0.4777322693674385,0.10385175066474954,-0.33728350758706677
2014-03-01,-0.6906427400568103,1.178053581744076,-0.2749568460980564,-0.024107163465956292,-0.07226258783288252,0.13583881300835735,0.1412612279771257,-0.02287433733906018,0.08126228256773771,0.24899055909503826,-0.4529562385136416
2014-04-01,-0.8896884900128673,1.2207321334667254,-0.4149560787796386,0.025357495183624634,-0.5711141119894233,0.10338020731288232,-0.058083579171608266,0.08215490511626396,0.22260694742614232,0.045600269196256454,-0.2994106877176168
2014-05-01,-0.7787677393328837,1.1382964380128082,-0.5908769107968,0.059780692155043266,-0.49884528423831936,0.33626002726749427,-0.35710078989470917,0.6315011862531689,0.3929254704523958,0.2085834933286563,-0.33728350758706677
2014-06-01,-0.6678469886529,0.631409363012572,-0.5908769107968,0.2275564033970424,-0.38082790695777413,0.14004423405185454,-0.5564455970434432,0.1871841475715881,-0.4815565280369449,-0.438696974745604,-0.5494685529929391
2014-07-01,-0.6906427400568103,0.5371185627598204,-0.5331442896007902,0.3953321146390415,0.10722407056101442,-0.3096299142082048,0.011317457538340332,0.3972426324822364,0.6880023829380794,0.34360256840534475,-0.892920697501433
2014-08-01,-1.7587464109818338,0.7049113616590362,-0.35722345758362867,-0.38632169135042244,0.7700042039850629,0.19352171895795686,-0.08835494603602669,-0.07475778584248614,-0.11534032381956077,-0.23929230377429386,-0.6129306145300087
2014-09-01,-0.39178471325516334,1.135375030021427,-0.35722345758362867,0.8629365382537549,2.477094057641894,0.050343066527599706,0.011317457538340332,0.4984757691729335,0.7328575913087347,1.7986448180400227,-0.7395360544930354
2014-10-01,-0.5908304632112203,1.6950414223918522,-0.4149560787796386,0.7510860640924222,0.5263259351920379,-0.12964342384030256,-0.4299737989847843,0.6035050116282576,0.3929254704523958,1.040954328948823,-0.7175899662191492
2014-11-01,-0.4799097125312367,1.8983334153575588,-0.04768767680785849,0.6392355899310894,-0.308297342393973,0.10570308989504076,0.011317457538340332,0.5290057041139995,1.0122821470004402,1.3089859737795837,-0.7995264182682615
2014-12-01,-0.6136262146151308,2.283197124005919,-0.008104761978437415,-0.19834345313904092,-0.8231313349471215,0.5166868617562161,0.4794081085457569,-0.17725326798165558,1.3252252592995661,1.00568472987261,-0.6869264644057732
2015-01-01,-0.5797219893768266,2.029459951350197,0.04962785921757247,0.8629365382537549,-0.21978430943356406,3.4331347343816234,0.06491624650692411,0.6315011862531689,0.7026038087264179,1.840099113044405,-0.15501838900340723
2015-02-01,-0.5797219893768266,1.6820192487529309,0.19235006032828658,0.7790486826327553,-0.4853234083147908,1.0217210333837166,-0.40317440450049236,0.893443119667243,1.1253578788871639,1.4431149580317102,-0.49004856554735965
2015-03-01,-0.30365971397909003,2.114817054795495,0.13461743913227667,0.9188617753344213,-0.2923148739973652,2.2284366034500755,-0.4299737989847843,0.893443119667243,0.5605542186718455,1.7204587270311564,-0.49004856554735965
2015-04-01,-0.39178471325516334,1.4312034840885908,-0.18130262556646712,1.399649569653502,0.2867107289549114,0.5187132114161279,0.011317457538340332,0.893443119667243,0.4757474197568027,1.568945441333503,-0.7320291171515473
2015-05-01,-0.30365971397909003,1.4756363749625343,-0.4149560787796386,0.3114442590180419,0.525206075989081,0.3387267210482255,-0.4299737989847843,0.7884138772119189,-0.14360925679124176,0.8160297228183043,-0.5425341656915634
2015-06-01,-0.5797219893768266,0.7475899133816856,-0.35722345758362867,0.42329473317937466,0.3186756657481268,0.7678223342184773,-0.4567731934690762,0.5821514980658976,-0.14360925679124176,0.3863943186736419,-0.6869264644057732
2015-07-01,-0.4034719908246799,0.7060784304991232,-0.29949083638761875,1.4501515276007517,-0.021854590169980273,1.3919880791860966,-0.4567731934690762,0.7947437432927005,0.8878697633504815,1.1616851673742494,-0.9679227622491697
2015-08-01,-0.5482969667429677,1.0096735125336531,-0.3817574478731911,-0.1905833615680901,0.906464642135295,-0.6326512458078913,-0.5564455970434432,0.14036821970047153,0.2791448133695042,0.2297700443646159,-1.1429785627767552
2015-09-01,-0.7650096596148966,1.0956178862901589,0.05235082764670436,0.9468243938747545,3.5763983117188722,-0.4136778461188584,-0.4567731934690762,0.6340349465693236,0.9840132140287592,2.177265917987084,-0.9454062976456368
2015-10-01,-0.11572243785742675,1.8158977199036415,0.30415398722646464,0.8349739197134217,1.9044294272610738,-0.4136778461188584,-0.4299737989847843,0.23906759607501404,0.8072134000089186,1.92916220605402,-0.8079483862328026
2015-11-01,-0.4799097125312367,2.9216210606943633,0.30415398722646464,0.7790486826327553,0.0024668323913005098,-0.4136778461188584,-0.4299737989847843,0.7884138772119189,1.1838805944411617,1.992049603738359,-0.792021654637239
2015-12-01,-0.2266431885374104,2.246361388266032,0.6778066731212183,0.6671982084714225,-0.6596271449498322,-0.34208851990367983,0.011317457538340332,0.03280521692899273,2.3127829896756307,1.8739240116569353,-0.6869264644057732
2016-01-01,0.3318694280603927,2.329964152560036,1.2787285283061698,1.1425627236570868,-0.04029765103966711,-0.14369365530445447,0.06491624650692411,0.893443119667243,2.334522374597104,3.043876016650078,-0.5217310037874364
2016-02-01,-0.00480168717744309,2.328797083719949,0.9359941166239522,1.2264505792780864,0.5792935796831953,0.35713509527954873,0.011317457538340332,1.1553850530813172,0.9287552724998653,2.7531472583081222,-0.4465922275419127
2016-03-01,-0.00480168717744309,1.811221972760966,0.3864205987120369,1.2544131978184194,0.7243547088107977,0.01774064963355183,-0.40317440450049236,0.893443119667243,1.098368870329951,2.1506158160288686,-0.7637115553916237
2016-04-01,1.0288189547741537,1.766789081887022,0.44415321990804685,1.17052534219742,-0.3781055776719978,-0.4319334986265076,-0.40317440450049236,0.6060387719444124,0.5908080012541622,1.6677890370897446,-0.7485283987872232
2016-05-01,0.4655859301442868,1.7258648693156673,0.44415321990804685,1.2823758163587526,-0.5711141119894233,-0.019067188303993277,-0.2959768265633248,1.0478220503098383,0.5625390682824813,1.7352249583844348,-0.7940796116300513
2016-06-01,-0.39178471325516334,1.2616563460380805,-0.4149560787796386,1.3942262905200855,0.157893805036614,0.3222097958033423,-0.40317440450049236,0.2947471503430669,-0.0022645919328371203,0.8082949051190147,-0.8706299549341404
2016-07-01,-0.502705463935147,0.622475666205119,-0.04768767680785849,0.7308835371230398,1.1042316789413575,-0.7736508268546628,-0.40317440450049236,0.39977639279839106,-0.1988671983201356,0.5760529850877923,-1.195464162920959
2016-08-01,-0.6364219660190411,0.6195542582137377,-0.04768767680785849,0.668497721611288,1.0785695231099546,-0.9001598323164628,0.06491624650692411,0.1871841475715881,0.3922205452562279,0.7518805499282742,-1.3025540180953654
2016-09-01,0.6607228169024589,1.178053581744076,0.07050053401329313,1.2823758163587526,2.5331186801836933,-0.28875484619615044,-0.14270563402037412,0.4984757691729335,1.465289999743503,2.5342728462389656,-1.091236968304554
2016-10-01,1.1358308422562526,2.0661262142567742,0.07050053401329313,1.0586748680360871,0.6145772313397496,-0.30730703162604633,-0.08910684505179033,0.4984757691729335,1.1253578788871639,2.205590353370809,-0.9540539876464185
2016-11-01,0.3538143226059861,2.4550783997366024,-0.23903524676247703,1.030712249495754,0.5200231542302254,0.24423597716108095,-0.04303323044600714,0.652854699815529,1.1484254452797256,2.1741129433461523,-0.8395939066283108
2016-12-01,0.2971143459637717,2.452744262056429,-0.18130262556646712,0.7510860640924222,0.24368450871124647,0.29959600052852203,0.41753224619860885,0.18971790788774276,2.5954723193924396,2.4332197254503827,-0.8651831482959302
2017-01-01,0.4544774563098929,1.8539005244836153,0.6200740519252085,1.2823758163587526,0.7990841290349807,-0.25426989084076373,-0.09663201941459092,0.9704761874976561,1.913048228850826,2.7928704693948263,-0.27167313851211405
2017-02-01,0.30102320916165654,1.5989962829878064,0.6200740519252085,1.3942262905200855,-0.02949810440191493,0.2627881625909769,-0.1502308083831747,1.2047347412685885,1.5178581664655932,2.402809340443271,-0.46924540364323264
2017-03-01,0.5881939583937869,1.3902792715172356,0.6200740519252085,1.2544131978184194,-0.14479315239668372,-0.5425097341628168,-0.20382959735175848,1.3097639837239126,1.2647176941349327,2.144503279700843,-0.5217310037874364
2017-04-01,0.852568956222007,1.2207321334667254,0.44415321990804685,1.3103384348990859,0.45021491895220056,-0.5058457074238445,-0.20382959735175848,0.9427928078545142,1.2377286855777196,2.137309130549867,-0.528665391088812
2017-05-01,0.48838168154819706,1.0529393345675098,-0.1054202980038684,1.3662636719797523,0.46619738734880833,-0.03761937373388924,-0.30350200092612545,1.0503558106259931,0.7321526661125669,1.6940889591527022,-0.4698157799728795
2017-06-01,0.48838168154819706,0.622475666205119,0.07050053401329313,1.6458898573830842,0.3321975416716554,-0.056171559163785224,-0.6630016901661325,0.893443119667243,0.3922205452562279,1.3246491638313114,-0.8651831482959302
2017-07-01,-0.00480168717744309,0.7493442525329798,-0.18130262556646712,1.1158996182566188,0.3752237619153203,-0.32585921705594234,-0.20382959735175848,0.7947437432927005,0.16734900589724844,0.9786729946084627,-1.1590789237146746
2017-08-01,-0.13851818926133705,0.6651542179277683,-0.18130262556646712,0.836273432853287,0.8154910167018069,-0.5057018962252716,-0.30350200092612545,0.18971790788774276,0.6466409420013561,0.8259539764773504,-1.1815953883182078
2017-09-01,0.54732286361803,1.1798079208953707,-0.005381793549305554,1.3942262905200855,2.8631111262767455,-0.14587272668804005,-0.30350200092612545,0.6035050116282576,1.2667025437455686,2.5793667377283716,-0.9246031357415097
2017-10-01,1.5926307831391435,1.6065934381218632,0.30415398722646464,1.2544131978184194,1.6091242472470135,-0.2174620529032186,0.19486001694570948,0.8959768799833977,1.061633796754047,2.851131760675317,-0.9246031357415097
2017-11-01,0.4591978643419567,2.239761829138753,0.12823315520930306,1.0866374865764203,-0.0860462005691084,-0.2012327500554811,0.3556563838514608,1.0503558106259931,1.464585074547335,2.4094712203249866,-0.7415940114858475
2017-12-01,0.8233851390157665,1.6896164038869879,0.5623414307291985,0.171631166316376,-0.5551316435928156,-0.18268056462558516,0.9158942640704438,-0.06969026521017672,2.481691662309548,2.010825909230552,-0.8721175355973059
2018-01-01,1.4700227548896434,1.4756363749625343,0.6200740519252085,1.478114146141085,0.8560566444723927,0.443071185881126,0.8925668419662781,1.3679772983081202,1.2081798281915708,3.2692852759751165,-0.4167967213435977
2018-02-01,0.16033983754030984,1.9043457041736305,2.174137239727033,1.2544131978184194,0.2572063846347751,0.8930418670634321,0.8925668419662781,1.2604142955366413,1.3212555600782947,3.4997088841551505,-0.4252186893081389
2018-03-01,0.8500897536175618,1.4300364152485037,0.44415321990804685,1.338301053439419,0.6297015773460976,0.8540549577423013,-0.00448479020302449,1.106035364894046,1.2107396770205068,2.551934447650865,-0.7415940114858475
2018-04-01,-0.26054741377571455,1.0938635471388647,0.26823238789088527,0.6749583000423734,0.27318885303138274,-0.11109123841040658,0.19486001694570948,1.001006122438722,0.16536415628661258,1.2948516675840367,-0.7781528800344876
2018-05-01,0.7619647543414885,0.6639871490876813,0.3836976302829051,1.3103384348990859,0.26800593127252725,4.977902437547494,0.1680606224614176,0.8186310171712153,0.4204894782279088,2.209786250629019,-0.27167313851211405
2018-06-01,-0.17242241449964119,0.5371185627598204,0.06777756558416133,1.5620020017620846,0.417988245346288,3.3038316269894743,-0.20382959735175848,0.5566890837571412,0.5920879256686302,1.58316301436759,-0.7340892478548251
2018-07-01,1.320477370939292,0.3693257638606046,0.24369839760132286,1.5340393832217514,1.6920206553285257,-0.13226283934470787,-0.40317440450049236,0.7667475686677894,0.055553198424992734,1.7983782278087863,-1.1071636999001175
2018-08-01,0.44031097613593123,0.45351579846581624,-0.24175821519160887,0.6964603401516212,1.698323436290338,0.3617410746913927,-0.4299737989847843,0.5541553234409865,0.8425386231924868,1.3735313565329077,-0.9315375230428854
2018-09-01,0.5401232529815211,0.5388729019111148,0.24369839760132286,1.478114146141085,4.2857851170626216,2.3121716579657967,0.16458865008129106,0.9236602596265395,1.5211229404906967,3.546298750059486,-0.7871452243286756
2018-10-01,0.47479400510935815,1.393200679508617,0.4773518508144943,1.2544131978184194,1.665672343414207,5.371583710843144,-0.30350200092612545,0.8679807053584866,0.8715124813603357,2.9765288388482407,-0.6661233025016462
2018-11-01,1.0380270297392251,1.6890291335757806,0.6750837046920865,1.679275755056834,1.2125693687871075,2.8073212334201694,-0.30350200092612545,0.6060387719444124,1.3790733504361241,3.096983342094581,-0.5596038236568863
2018-12-01,0.9271062790592414,1.3066765072232314,0.441430251478915,0.890899156794088,0.005450898489774135,1.718285447310067,0.16458865008129106,-0.25459913079383795,2.7078431260829956,2.2479231742713783,-0.7871452243286756
2019-01-01,1.4903393036891086,1.1371293691727213,0.6173510834960766,1.4221889090604185,1.537378893121304,0.7215702442286243,0.26426105365565805,1.318627610120849,1.6026649653806357,3.281092344816887,-0.4237311086449733
2019-02-01,0.7619647543414885,2.7589388353254103,1.009153475757419,1.3942262905200855,1.1851011976698318,0.7931595704438029,-0.20382959735175848,1.0780391902691349,0.9563192802753785,3.362113815534131,-0.4915361462105253
2019-03-01,0.37498172826376824,1.0500179265761285,0.9514208545614092,1.3662636719797523,1.1128323699187277,0.3108830052896958,0.363933457230025,1.339981123683209,0.7577318242774441,2.647970997366114,-0.7346596241844718
2019-04-01,0.37498172826376824,0.8822251276769124,0.441430251478915,1.3103384348990859,0.6997715494368196,0.29495023536420517,-0.00448479020302449,0.66425208652862,2.0832368258992116,2.268534209317034,-0.8306015623341227
2019-05-01,0.37498172826376824,0.9249036793995616,0.3259650090868952,1.3662636719797523,1.226091244710636,1.0957461781522548,0.46360586080439203,1.262948055852796,0.7867056824452929,2.491140042642802,-0.7112259552474202
2019-06-01,-0.2833431651796248,0.07174297064214662,0.010044944388151412,1.5899646203024178,1.8665861287762644,2.3326063818570315,-0.20382959735175848,0.7692813289839442,-0.002969517129004989,1.6216054748239557,-0.6591889152002705
2019-07-01,-0.8921676926173124,0.2395357695413624,0.010044944388151412,1.617927238842751,1.4940909360649417,1.0852685161346336,-0.10415719377739148,0.8717768111231137,0.44805348600342193,1.4959652839056905,-1.0843025810031781
2019-08-01,-0.5279804179435025,0.24129010869265677,0.24369839760132286,0.7244229586919544,2.08187991245211,1.42510330590145,0.16458865008129106,0.50733939556987,2.463120537299938,2.188137133275008,-1.1815953883182078
2019-09-01,-0.3400431418218393,0.32664721213795533,0.5532341783770931,1.478114146141085,4.735045903200988,1.7067019096266463,0.363933457230025,1.0755054299529803,2.5106655204773967,3.892458418535175,-0.9770518180411446
2019-10-01,0.1303444754998906,1.3487677886346734,0.5532341783770931,1.2823758163587526,2.2992098693308165,0.36624302865713687,-0.00448479020302449,1.3956606779512621,1.7742634128213572,3.175777836054043,-0.7871452243286756
2019-11-01,0.15314022690380089,1.6890291335757806,0.5018858411040568,1.7072383735971672,0.840074176075785,0.36624302865713687,0.46360586080439203,1.2324181209117302,1.7452895546535085,3.03529327522486,-0.8721175355973059
2019-12-01,-0.20632663973794535,1.56158074871904,0.44415321990804685,0.890899156794088,0.3189374025608241,0.0987344421485654,1.2307137225349094,0.11237204507556042,3.183870288162,2.6516669863388636,-0.8936647031734355
2020-01-01,0.29796520282208866,1.4834030029299001,1.1028076962890083,1.958901940460166,1.5100734044615496,0.06163007128877346,1.6671998780595962,1.8981910312170502,2.728302586590001,4.476387221602587,-0.620572089658818
2020-02-01,-0.3486724130517879,0.967582231122211,0.8691542430758369,1.1984879607377532,0.5657717037596667,-0.20617504814204485,0.3095827692456776,1.1362525048533425,0.44805348600342193,1.906912063996868,-0.8155898613616122
2020-03-01,0.8278728059487744,1.182898801720061,1.006430507328287,-0.22630607167937408,-0.9273650994914409,4.155341827980648,0.4243055215456457,-0.09104377877253685,-1.4062681043807959,0.7621057207790507,-0.28554191311486543
2020-04-01,1.9888218841819352,3.530155238219147,1.2950936133083366,0.025357495183624634,-0.8843388792477761,3.6394699062378946,0.853095833294316,-1.112390478234164,-1.0380670505527758,2.058212679646805,0.16903532614767963
2020-05-01,2.1564426115041333,1.8207429398796262,0.7509660322546853,2.1826028887828315,0.26403263922198206,2.357686870912583,3.8478547401879704,-0.5114735435756027,-0.43851316637218946,3.5692707432366513,0.20519484331772364
2020-06-01,1.305460033907013,1.2224864726180198,0.7868876315902645,2.7418552595894954,1.5668832374414403,0.7075200127644725,2.5849818964593414,0.619969918973658,0.013789761174705265,3.7395950312465542,-0.6661233025016462
2020-07-01,0.17202711510982638,0.621308597365032,0.4773518508144943,2.4342664556458304,1.4673089210305819,-0.009959254926405096,2.9140998046336444,0.6667858468447747,0.09789163489358013,3.0062340857677263,-1.1221754008726281
2020-08-01,0.038310613025932354,0.967582231122211,0.6532726828316558,1.5899646203024178,1.1132567891889462,-0.5819369876047671,2.2013426308874746,0.040406497877456746,0.8463783964358909,2.4803013437479433,-1.0843025810031781
2020-09-01,0.28294786578981007,1.1371293691727213,0.4773518508144943,1.4221889090604185,3.0160775064489798,-0.34673428506799675,2.2784395113734397,1.2161321279816795,0.9293302717181655,3.6714617576380677,-0.9540539876464185
2020-10-01,-0.02701863484623063,1.6054263692817763,0.18596577640531298,1.1146001051167536,0.25474579216169596,-0.16907067728225292,1.4208588878760993,0.7718150893000988,-0.43092495386887003,1.771866604722653,-0.9161811677769683
2020-11-01,1.5476180840664457,2.2890399399886814,0.2618481039679117,1.0027496309554207,-1.294677370443908,-0.007339839421999806,2.1101179701048878,0.25046498278810503,-0.5850591978097133,1.890823226350458,-0.6661233025016462
2020-12-01,1.3596808079447826,1.9421865077026226,0.5777681686666555,0.8349739197134217,-1.343446442047907,-0.2565927734229222,1.6051533462992322,0.38349039986834027,0.410964673170574,1.9317269268239317,-0.8086554740602365
2021-01-01,1.0836185325470455,1.9476115262074871,1.1850743077745804,1.9309393219198328,-0.3080356055812757,-0.13196630642246096,1.0456673650960129,0.7692813289839442,-0.46678209934387044,2.55780245850935,-0.46924540364323264
2021-02-01,0.6699308918675302,1.4762236452737414,1.360995139791742,1.3662636719797523,-0.3510618258249406,1.4460181596659774,0.4243055215456457,1.0805729505852897,-0.15582383665538024,2.3400898297055432,0.015251331760686012
2021-03-01,1.4163807845869967,1.4317907543997979,1.1850743077745804,1.2823758163587526,-0.9761341710954397,-0.4899129374983539,1.037390291717449,0.9261940199426941,-0.46678209934387044,2.0055173465525633,-0.04578022629111744
2021-04-01,1.0293977585092766,1.3891122026771485,0.811421621879827,1.5620020017620846,-0.6298610638169986,-0.4713607520684579,1.098514255048833,1.2956989561282473,-0.46678209934387044,2.1219834343387327,-0.3338454492232111
2021-05-01,1.0293977585092766,0.9693365702735054,0.5532341783770931,1.4501515276007517,-0.008070977433754432,-0.326299561176762,0.7458982553571485,1.1881359533567684,-0.2561099894596653,1.9683366857519276,0.09547448111039251
2021-06-01,0.09501058966814677,0.4961943501884655,0.06777756558416133,1.6738524759234175,0.8952406762273243,-0.4694782136071191,1.1135646037744342,0.7463526749913423,0.27971981258780426,1.823164002790545,-0.3959935594394705
2021-07-01,-0.015910161011836902,0.20153296496138878,0.5350844720105042,2.0148271775408326,0.7209369395922828,-1.0274057148213291,0.7383730809943478,1.7246795523464802,1.6188923213929138,2.544347026420107,-0.7732764497259242
2021-08-01,0.015514861622022032,0.7997894322229951,0.4773518508144943,1.5060767646814182,2.205080211491511,-1.0274057148213291,1.1067913284273974,0.9844073345269018,1.2113146762388067,2.7799046082427497,-0.9401852130436671
2021-09-01,0.7580558911436036,1.274098721148122,1.4700760982607883,1.5620020017620846,4.08469936539322,-0.614539404498815,0.5775767140885965,1.615854204126529,0.8445234728031228,4.221437625811523,-0.4029279467408463
2021-10-01,1.0293977585092766,1.612605726937935,1.8010450874993909,1.17052534219742,1.856906441341469,-0.6675765452840976,0.7233227322687467,1.353912270712455,1.0128571462187403,3.684770989444412,0.10719494817526054
2021-11-01,1.3393642591453172,1.6065934381218632,1.1605403174850182,1.1425627236570868,0.6817529078373513,-0.5615022637135324,2.0188933093223014,1.8259126890371773,0.5263789939248775,3.5876005840690133,0.7768491153727245
2021-12-01,1.0293977585092766,1.3937879498198245,1.4946100885503508,0.8629365382537549,-0.5524093143070392,-0.614539404498815,2.5167242565809436,1.0426206491111094,1.3790733504361241,3.1625639792778424,0.80415165973975
2022-01-01,1.737455759057431,1.390866541828443,2.903292905149952,1.958901940460166,0.09396393145018307,-0.39977142585327935,1.590102997573631,2.2765595937995395,0.4204894782279088,4.404047399393416,1.290674886448959
2022-02-01,1.4725019574940883,1.7353858364343278,5.632945990005316,1.9868645590004992,1.1698048853561398,0.3869742854706184,2.8395999600214026,2.5410352875297684,0.39151562006005997,6.501371235515092,1.6624718743371707
2022-03-01,2.782184874843422,4.170920784370093,12.538526501909208,2.0148271775408326,1.3305867460676526,0.15627353689959209,3.781271567754316,2.8029772209438426,0.7031788079447181,11.036126266764532,1.8273924042008096
2022-04-01,2.0246265082895616,2.2434399802746507,3.4256094643431725,1.4501515276007517,1.4537870451070531,-0.4713607520684579,2.119317611912432,2.482821972945561,1.6471612543645948,5.948718961610373,1.2192696141422394
2022-05-01,1.8594849835718088,1.9072671121650118,2.2505801009567437,2.0987150331618323,1.5853262983111274,-0.09559881260573558,4.791371484778844,2.86119053552805,1.279665125732743,6.544457136735774,1.9108164369130871
2022-06-01,2.4722183742073813,1.5598264095677459,3.2102236394284813,2.0987150331618323,2.1213256810197394,0.5272369894743233,4.116410852259893,2.0967182488481875,1.7326729784758057,6.828031928101069,2.621069373040216
2022-07-01,1.614847730807931,1.2207321334667254,2.5174321850763626,2.1826028887828315,1.9738039594190575,0.20218930821472522,3.565372613848454,2.044834800344762,1.3657518490622536,5.832384288450028,2.349995620758379
2022-08-01,1.481131228724037,1.602504961290395,3.203343620176018,2.0148271775408326,3.085452038606963,-0.06487893417302644,3.4053281459584657,1.8815922433052301,2.354589503852786,6.671535135764302,1.4091314246671283
2022-09-01,1.913705757609578,2.6294707577630976,4.472405017491635,1.9309393219198328,6.80054426696376,0.4726138431499489,3.442202118756706,2.03850493426398,1.463880149351167,8.796773930444061,2.3065440650596996
2022-10-01,1.8483765097374147,3.311160516485399,4.472405017491635,1.17052534219742,3.281354868517509,0.20480872371913061,3.780519668738552,2.59038497571704,1.3238154089072305,7.873828579175724,2.4808927777598515
2022-11-01,1.9592972604173986,2.922208331005571,3.246027316832169,1.6513131365165008,1.4618642624590292,-0.0815485811415837,4.7621933557566205,2.6954142181723637,1.3238154089072305,7.178623815581278,3.1053047329480123
2022-12-01,1.7916765330952003,2.7918385381574486,2.7605707040392375,0.7790486826327553,0.9177876623984417,-0.27776437435722345,3.0451869719039806,1.9121221782462958,3.1003434136614247,6.048613796125063,1.8279627805304566
2023-01-01,2.2236722582456188,2.663215612678294,5.1534310494001385,1.7911262292181667,2.126942305898636,0.13510193596529077,2.783966302408099,3.173744502577868,3.3113184524282335,8.388148279023634,3.3034965831272363
2023-02-01,2.047422259693472,2.495422813779078,4.169253520638838,1.7631636106778334,1.5211346879119991,-0.18762286271214892,2.5310227062907815,3.330657193536618,1.3520843418789115,6.934645584222084,2.2945205223473737
2023-03-01,2.0813264849317763,2.2007614285520014,2.8787589148603887,1.8190888477584999,1.4353439842373665,-0.2592121889273275,1.191413383276163,3.3331909538527724,1.549966872680678,5.982291173854918,2.9508263722883132
2023-04-01,1.8594849835718088,2.283197124005919,2.311035690581885,1.7631636106778334,1.8051168476629127,-0.39977142585327935,1.3982833647876975,3.2230941907651394,2.1127856832853604,5.961920942314979,1.3630880228097189
2023-05-01,1.8822807349757191,1.988535738778842,2.253303069385875,2.160063549375915,1.6713787387984569,0.03164706989913091,2.0884650154454656,3.4382201963080967,1.463880149351167,6.079864563532134,1.8525372021268014
2023-06-01,2.4344052857711924,1.432957823239885,1.7614621726699697,1.7352009921375002,2.1028826201500523,-0.005457300960661025,2.5545207978081623,3.021899332251427,1.8011224954007024,5.870015194551761,1.835467544161479
2023-07-01,2.1355472589695452,1.393200679508617,2.2865017002923227,3.965940973357489,2.8402294913407626,-0.5084651229282497,3.852296912919653,2.8838063945388828,3.9858031445273037,8.04216191209274,1.7318889131897863
2023-08-01,1.5920519794040207,2.4574200091991045,3.2156695762867447,2.2719140235372475,3.4530260463721274,-0.7965566997891795,2.524249430943744,2.467485530482213,4.526177645014346,7.88129971631054,1.7167057565853858
2023-09-01,2.1583430103734558,2.5451112503245765,3.002888797869294,1.7352009921375002,6.580067561529058,-0.09748135106707435,2.3241527247792466,3.253311330724436,2.7616912172195534,8.601890242445677,2.276958675367469
2023-10-01,2.9323090625288963,3.014575319273719,2.969690166962846,1.511500043814835,3.4881470155711605,0.48854661307543945,2.601877382042902,3.4709710965835483,2.0292588087847854,7.9766566686281895,4.803023480123442
2023-11-01,2.380184511733423,3.6079865665593402,2.8542249245708264,1.3716869511131689,2.0046898997548483,-0.11850468554025215,1.8891202082967318,3.129462335022906,2.675604493890043,7.157481643139773,2.2331185915135823
2023-12-01,2.3234845350912083,3.221545463375323,3.170144989269571,1.1759486213308366,1.448865860160895,0.15177158293384801,1.751651263495146,2.7599573988373534,2.9320097402458076,6.7189987865930005,1.2333497738407604
2024-01-01,2.915901376927316,2.5012656297618405,4.427440964141572,2.1041383122952486,2.2292389515952706,-0.044444210281791754,1.9963177862338994,4.336667450534897,2.9148484656285327,8.335971627122673,1.8317340402226745
2024-02-01,2.635930238331694,1.393200679508617,4.060172562169791,1.9083999825129159,1.1396143849530878,-0.4897646710372304,1.6051533462992322,3.626612372674616,1.0404211539942534,6.140680016404322,1.542964338059449
2024-03-01,2.547805239055621,1.4756363749625343,3.392410833436725,1.3437243325728356,1.024319336958319,-0.20355563263763957,1.3522097501819146,3.7341753754460947,1.3513794166827435,5.729749805076168,1.05363697497496
2024-04-01,2.3259637376956537,1.0956178862901589,2.4510349232634674,1.7965495083515834,1.6873612071950648,-0.38121924042338334,0.8690687504488969,3.2341787824964605,0.7024738827485503,4.952172365778289,0.9721490830229013
2024-05-01,3.183334381095104,0.9705036391135923,2.253303069385875,1.7685868898112502,1.8348829287957462,-0.43425638120866594,0.9309446127960449,3.521583130219292,0.7044587323591861,5.198000727455127,1.0580190425584766
2024-06-01,1.9617764630218437,0.7582779493404329,1.7614621726699697,1.3157617140325024,1.8508653971923539,-0.2547102349615834,1.1302894199447788,3.2621749571213723,2.0247141103452138,4.868818010953218,0.6236490525739541
2024-07-01,2.3259637376956537,0.3693257638606046,1.9373830046871314,1.9643252195935823,2.0143695871896434,-0.6329433234675876,1.4451088784092445,2.707761155352158,2.579461043211765,5.144212635002026,0.20199395995515215
2024-08-01,1.9704057342517924,0.8009565010630821,1.9951156258831413,1.399649569653502,2.776462300211853,-0.5262804313150793,0.7240746312845103,2.0231684918006323,2.66356291693064,4.85845630970849,0.18738117968039839
2024-09-01,2.547805239055621,0.92899215623103,2.538304859872083,1.9083999825129159,5.350402105060608,-0.45280856663856195,1.0381421907332125,2.864673846310908,0.787280681663593,6.140391744652467,0.4679785568260382
2024-10-01,3.8149546599367015,1.9480218519030574,2.480572238676073,1.7965495083515834,3.007314133014088,-0.1829726422852814,1.2835606124877295,3.626612372674616,1.154201811077145,6.559669463296565,0.6895548672238554
2024-11-01,3.681238157852808,2.938151912635873,2.5628388501616453,1.6846990341902506,1.9661604451871229,-0.45280856663856195,2.180441575243816,3.4165538877639676,2.196312557785935,7.118393215218198,1.0224030968319369
2024-12-01,2.7899632892150534,1.8574092027862037,2.1955704481898652,0.952247673008171,1.0993104939951992,-0.32818209963810074,3.8908453531626357,2.4458192219380837,2.33765722264434,5.96442340401401,0.7629803407699731
