,indice_Inflazione_GT_PCA_SA,indice_Tematico_GT_SA,indice_Termini_Diretti_Purificato,indice_Alimentari_Purificato,indice_Energia_Purificato,indice_Abitazione_Purificato,indice_Trasporti_Purificato,indice_Politiche_Economiche_Purificato,indice_Aspettative_Consumatori_Purificato,indice_Sanita_Purificato,indice_Ricreazione_Purificato
2004-01-01,3.48682500292131,-6.52200442897025,0.80779,-1.81757,-1.53498,-3.49196,-1.64643,-2.11876,-2.3113,-3.4262,-2.81226
2004-02-01,5.6560059606148,-6.53431672651746,1.83444,-3.19382,-2.06274,-3.71566,-2.14801,-1.40287,-1.2149,-3.4262,-1.42426
2004-03-01,4.82015738082966,-8.01750233858291,-2.03732,-3.19382,-2.06274,-3.54788,-1.1805,-2.11876,-2.3113,-3.4262,-2.92533
2004-04-01,4.66202576180556,-6.66511965738522,-0.29456,-3.19382,-1.76591,-3.65974,-2.14801,-1.40287,-2.3113,-3.4262,-2.78399
2004-05-01,4.38291718009101,-7.17987712488561,-1.00262,-3.19382,-1.59271,-3.51992,-2.23652,-1.47446,-2.3113,-3.4262,-2.69918
2004-06-01,1.97432711440413,-6.44896584956382,-1.13633,-3.19382,-1.94727,-1.93775,-1.50751,0.40192,-2.3113,-2.48094,-2.78399
2004-07-01,1.59824046035745,-7.02474736803347,-1.55722,-3.19382,-1.35905,-3.54788,-1.26902,-1.54605,-2.3113,-2.16585,-2.92533
2004-08-01,1.66206434519574,-6.9741630248907,-3.12985,-3.19382,-1.77408,-3.32418,-1.43252,-2.11876,-2.3113,-3.4262,-2.78399
2004-09-01,2.93226248371034,-5.38821251710059,0.67407,-3.19382,-1.65316,-2.58631,-0.38985,-2.11876,-2.3113,-0.16143,-2.84053
2004-10-01,3.23938602511966,-6.54844833266666,-1.776,-3.19382,-2.12047,-2.72612,-0.70088,-2.11876,-2.3113,-2.58597,-2.81226
2004-11-01,3.14248667241161,-6.48882585075173,-0.75798,-2.19291,-2.00501,-2.13348,-1.53438,-1.47446,-2.3113,-3.4262,-2.84053
2004-12-01,3.16386384432044,-6.30800907317321,-0.48688,-3.19382,-1.65316,-2.69816,-2.59057,-2.11876,-2.3113,-3.4262,-2.78399
2005-01-01,2.98137049712706,-6.61201740790558,-0.26504,-3.19382,-2.1782,-2.6702,-0.57206,-1.33128,-1.41425,-3.4262,-2.81226
2005-02-01,3.60938199472585,-6.2102122110116,0.34131,-3.19382,-2.12047,-2.6702,-1.26884,-1.61764,-2.3113,-2.48094,-1.4808
2005-03-01,1.48680887685131,-5.98101305366402,0.39801,-2.51097,-1.53498,-2.61427,-1.23416,-1.40287,-2.3113,-2.58597,-2.13239
2005-04-01,2.31419311330762,-6.5774231145349,-1.64535,-2.80972,-2.12047,-3.0671,-2.41354,-1.61764,-2.3113,-2.48094,-2.81226
2005-05-01,1.34953147677548,-6.31879344288084,0.55452,-2.93775,-1.82636,-3.57585,-2.04105,0.11368,-2.3113,-2.691,-2.81226
2005-06-01,0.959616240897345,-6.09794455489666,0.78747,-3.19382,-2.00501,-2.53038,-1.47555,-1.11651,-1.61359,-2.27088,-2.86879
2005-07-01,1.57004549267549,-5.76310055937814,-0.08879,-2.93775,-1.65316,-2.50242,-1.66855,-2.11876,-2.3113,-1.95579,-1.0925
2005-08-01,0.677653954611872,-5.81141765140679,-2.08903,-2.89507,-1.59543,-2.50242,-1.77305,-2.11876,-2.3113,-2.06082,-2.84053
2005-09-01,1.27739772541003,-6.14171051985427,-0.91639,-3.19382,-1.59543,-1.33059,-1.19139,-1.47446,-1.61359,-2.90106,-2.16066
2005-10-01,0.588501888805574,-5.97904145950117,-0.24166,-2.98043,-2.12047,-2.30126,-1.61499,-0.67757,-2.3113,-2.79603,-2.16066
2005-11-01,1.10900343556064,-5.63489190144444,2.60593,-2.93775,-2.23594,-2.72612,-2.50206,-0.82263,-1.71326,-2.79603,-1.37297
2005-12-01,1.06327814226762,-5.49558544292272,-0.36427,-2.89507,-1.82636,-2.86594,-2.18857,-1.76082,-2.3113,-2.90106,-1.62611
2006-01-01,1.01311159679964,-5.84939619817291,-0.81964,-3.19382,-1.68636,-2.6702,-1.32267,-1.61764,-1.71326,-1.13628,-2.18893
2006-02-01,0.166316275600647,-6.81343555427778,-1.77906,-2.31218,-1.76863,-2.69816,-2.17505,-1.40287,-1.91261,-2.58597,-2.89706
2006-03-01,1.37587336829439,-6.32419837198397,1.522,-3.02311,-1.82636,-3.15098,-1.63097,-0.39309,-2.3113,-2.691,-2.13239
2006-04-01,-0.11814312536546,-6.23535266663521,-0.78268,-2.93775,-1.62863,-3.09506,-2.05457,-0.46656,-2.3113,-2.691,-2.86879
2006-05-01,1.13208481351444,-5.47313587008307,1.31185,-2.93775,-1.65316,-2.58631,-2.10006,-0.46468,-2.3113,-2.48094,-1.99431
2006-06-01,1.53833269700307,-5.97778232780589,-1.20356,-3.02311,-1.82636,-2.58631,-2.42461,-0.68133,-2.3113,-0.85805,-1.89584
2006-07-01,-0.626139363580507,-5.45091424139126,-0.55221,-2.89507,-1.82908,-2.53038,-2.08408,-1.76082,-1.91261,-1.0061,-1.00769
2006-08-01,0.895083762456058,-5.61954435644701,-0.98478,-3.19382,-1.76863,-2.58631,-1.99556,-0.89422,-1.64462,-2.37591,-2.84053
2006-09-01,0.393716172086293,-5.64726772712038,-1.03842,-2.13912,-1.88682,-1.35855,-0.43081,-0.82263,-2.01228,-2.58597,-2.52886
2006-10-01,0.751531424127833,-4.17530370673492,-1.22636,-2.93775,-2.00228,0.02406,-1.60419,-1.18434,-1.71326,-0.91373,-1.31445
2006-11-01,0.138048972051798,-5.87331542644104,-0.9503,-2.93775,-1.56817,-2.78205,-2.24758,-0.67945,-2.01228,-1.25302,-2.24745
2006-12-01,-0.338266009709044,-5.92505982080955,-1.51353,-2.93775,-2.06002,-3.34672,-2.48361,-0.8961,-2.3113,-2.43792,-1.87925
2007-01-01,0.194496240781072,-5.41222087165548,-0.85106,-2.89507,-1.94455,-1.30263,-1.60147,-0.75292,-2.01228,-1.38858,-1.65438
2007-02-01,0.0214582250051008,-5.03468495397738,-0.20857,-2.64777,-1.82636,-1.30263,-1.91249,-1.03928,-1.91261,-0.75935,-2.47232
2007-03-01,-0.115388785535328,-4.96382647483772,0.37746,-1.52651,-2.11775,-2.64223,-2.21808,-0.96769,-0.50834,-1.04929,-2.24745
2007-04-01,-0.332889614947241,-4.77632364557756,-1.70147,-2.77288,-1.51044,-1.69953,-2.08408,-1.68923,-1.91261,-0.83923,-1.24424
2007-05-01,-0.188790118643581,-4.54712344194444,-1.67867,-2.98043,-1.82636,-1.19078,-1.674,-0.75292,-1.81294,-1.09864,-0.70969
2007-06-01,-0.235495477576799,-4.5275894458537,-0.18577,-3.06579,-2.06002,-0.44355,-1.64449,-1.04116,-0.37494,-2.12283,-1.58417
2007-07-01,-0.406507635824326,-5.01442621270266,-1.54801,-2.39403,-1.76863,-1.05096,-1.79202,-1.54605,-1.91261,-1.64703,-1.07789
2007-08-01,-0.142548333598947,-3.06038999588776,-1.45989,-1.14824,-1.7109,-2.50242,-1.77331,-0.89798,-0.20932,-0.85805,-0.96283
2007-09-01,-0.548414396109469,-3.86178705728163,-0.13155,-0.67335,-1.56817,-1.21874,-1.07787,-0.89798,-0.57428,-1.64798,-1.93579
2007-10-01,-0.836081959805393,-4.16759036495689,-1.3915,-1.26985,-1.56817,-1.35855,-1.19317,-0.6464,-1.71326,-1.64798,-1.90752
2007-11-01,-0.211814443684449,-3.56807519154318,-1.33728,-0.71311,-1.45271,-1.12007,-2.2503,-0.68133,-0.47461,-1.03789,-1.62611
2007-12-01,0.640281767151985,-3.59883000374802,-1.92331,-1.91254,-1.45271,-1.20396,-2.07354,-0.89798,-0.87676,-1.80236,-1.48278
2008-01-01,0.633353850965967,-3.02515565435564,0.33187,-1.53369,-1.45271,-0.47151,-1.71949,-0.32324,1.05961,-0.88858,-1.90752
2008-02-01,1.11316221443102,-3.6318391999762,0.23264,-1.70207,-0.82725,-0.9523,-1.9715,-0.82639,-0.27527,-2.22786,-1.2745
2008-03-01,0.729216772420509,-3.06611470130905,-1.83518,-1.3659,-1.29794,-0.9523,-1.38345,-0.82639,1.54899,-1.15432,-0.70969
2008-04-01,1.47509216972361,-2.74802458033718,-0.86689,-1.14649,-1.35567,-0.44355,-1.29494,0.03456,-0.47461,-1.35805,-0.96283
2008-05-01,1.0442679599723,-3.52858039019935,-0.59083,-1.82718,-1.22178,-1.67156,-1.98502,-0.60786,-0.20586,-1.30237,-0.96283
2008-06-01,1.650442503295,-2.93305875664607,0.0786,-1.28054,-1.27951,-0.81248,-1.88053,-0.67945,0.61281,-1.80236,-1.33103
2008-07-01,2.76491465680827,-4.07515208384403,-1.80128,-2.43729,-1.18248,-0.96708,-1.91003,-1.47446,-0.97643,-1.12284,-0.41462
2008-08-01,1.28607881492345,-3.83818722381349,-1.76985,-2.08033,-1.45543,-1.63688,-1.61525,-1.68923,-1.37512,-1.48728,-1.01937
2008-09-01,1.74218184805341,-3.5096558159933,-0.78988,-1.70148,-1.08544,-0.92433,-0.69635,-1.18434,0.98123,-1.54296,-1.87925
2008-10-01,1.7539041230229,-3.0252066778856,-1.23108,-1.32146,-1.22178,-0.58336,-1.31118,-0.68133,-0.25743,-1.28101,-1.44931
2008-11-01,0.33189380690278,-3.53431253571803,-1.13127,-1.18449,-1.1459,-1.8673,-1.6785,-1.04116,0.46157,-1.75301,-1.1679
2008-12-01,0.0947370016538103,-3.72937353732808,-1.13127,-1.48926,-1.22178,-1.87376,-1.90101,-0.41353,-2.11195,-2.06177,-1.22964
2009-01-01,0.183964300149557,-4.25094061273997,-1.17686,-2.34125,-1.26136,-0.47151,-1.54696,-0.53815,-1.54419,-1.27848,-0.70969
2009-02-01,-0.250374031091179,-3.79553891416578,-1.04314,-2.30149,-1.20091,-0.49947,-1.9715,-0.89798,-1.0761,-1.0961,-0.93456
2009-03-01,0.0151367410759192,-3.83254879377742,-1.78959,-1.57345,-1.06091,-0.35966,-2.00101,-0.68119,-0.97643,-1.04929,-0.93456
2009-04-01,-0.653886711791564,-3.85003023476799,-0.95502,-1.9624,-1.35567,-0.68203,-1.31118,-0.8961,-1.17577,-1.64798,-1.2745
2009-05-01,-0.635186489678148,-4.01235703836985,-0.9008,-2.21438,-1.51044,-1.77669,-1.02966,-0.89798,-1.54419,-1.43539,-0.68142
2009-06-01,-0.550323634347058,-3.94627651530762,-0.95502,-2.47822,-1.51044,-1.07893,-1.47197,-0.39121,-1.27544,-1.43793,-0.9911
2009-07-01,-0.641727856182769,-3.34428602390603,-1.17686,-1.9624,-1.51044,-0.35966,-1.30846,-1.3294,-1.27544,-0.39396,-0.9911
2009-08-01,-0.683660296740505,-3.84530188189981,-2.22217,-1.61612,-1.29794,-1.61564,-1.20669,-1.61764,-2.21163,-1.48728,-0.96283
2009-09-01,-1.28149673746876,-3.90387573537711,-1.24219,-1.83728,-1.41341,-0.52743,-0.85808,-1.25593,-0.45677,-1.25302,-1.42104
2009-10-01,-1.55594221017564,-3.74617361827801,-1.06594,-1.66657,-1.56817,-0.69521,-1.29766,-0.82639,-1.64386,-1.09357,-1.62611
2009-11-01,-1.09313989653007,-3.98592450125433,-1.26498,-1.92865,-1.09749,-1.87376,-1.42894,-0.89798,-1.17577,-1.54042,-0.54656
2009-12-01,-1.40928940743573,-3.79823718923244,-2.2986,-1.36297,-1.09749,-2.70488,-1.9528,-0.68321,-1.17577,-1.95674,-0.55176
2010-01-01,-1.2167787944318,-3.5353491547852,-1.26498,-1.44833,-0.92157,-1.28113,-0.9999,-0.53815,-0.97643,-1.35551,-0.20341
2010-02-01,-1.55712316887482,-3.42574820487197,-1.72426,-1.97133,-1.00045,-0.61132,-1.22241,-0.46656,-0.97643,-1.53789,-0.40001
2010-03-01,-1.64387284002708,-3.39811522495704,-1.15406,-1.23786,-1.09749,-0.52743,-1.12638,-1.18622,-0.3571,-1.54042,-1.11136
2010-04-01,-1.33887190472615,-2.95128845258563,-1.15406,-1.70925,-0.98202,-0.49947,-1.58795,-0.68321,-0.3571,-0.85552,-0.93456
2010-05-01,-1.35077180739849,-3.28745867819118,-1.43013,-1.53077,-1.35567,-1.11335,-0.86862,0.10615,-1.0761,-1.25302,-0.96283
2010-06-01,-1.71009375840636,-3.48152208104136,-1.15406,-2.0982,-1.41341,-0.38762,-1.54246,-0.1802,-1.64386,-1.17345,-0.96283
2010-07-01,-2.33397410224913,-3.06780384379598,-1.342,-1.93041,-1.35567,-0.3317,-1.30396,-1.04116,-0.45677,-0.7228,-0.96283
2010-08-01,-1.33218799987231,-3.02818240415536,-1.83518,-1.62681,-1.08272,-0.89637,-1.00016,-1.54605,-0.70768,-1.69733,-0.93456
2010-09-01,-1.72318071977704,-2.86849329187848,-1.04314,-1.62506,-1.29522,-0.44355,0.02501,-0.96957,0.26223,-0.93919,-1.08111
2010-10-01,-1.81743556304501,-3.01588109714124,-0.71038,-1.36297,-1.47114,-2.02836,-0.69431,-0.6096,-0.08835,-1.20113,-0.82797
2010-11-01,-1.71830934113949,-2.7149998817107,-1.40261,-0.89877,-1.31637,-0.61132,-1.61745,-0.14558,0.26223,-1.20113,-0.7997
2010-12-01,-1.63883474793932,-2.65117133257752,-1.23499,-1.02388,-1.23749,-1.92969,-1.76497,-0.47062,-0.45677,-1.46308,-0.00676
2011-01-01,-2.1315313198821,-2.30414834852422,-1.06594,-0.98296,-0.86383,-0.44355,-0.47154,-0.43208,-0.3571,-0.99108,0.16479
2011-02-01,-1.57877909635677,-2.43260721700764,-0.95502,-1.02563,-0.8061,-0.44355,-1.16163,-0.45019,-0.25743,-0.88351,-1.11136
2011-03-01,-1.4141173568429,-2.48278318855971,-1.15406,-0.9812,-0.74837,-0.41558,-0.82559,-0.66496,-0.25743,-0.98854,-0.59463
2011-04-01,-1.82941557688117,-2.35212566547511,-1.50449,-1.15075,-0.8061,-0.41558,-0.57357,-0.66496,-0.45677,-0.96055,-0.87803
2011-05-01,-1.68137935336231,-1.78204294061088,-1.342,-1.37191,-0.8061,-0.30373,-0.78011,-0.59337,0.73032,-0.65179,-0.36976
2011-06-01,-1.70567835847422,-1.77997571373297,-1.32824,-1.37191,-0.82725,0.55535,-0.7211,0.196,-0.3571,-1.03789,-0.96283
2011-07-01,-1.04312001612609,-1.77352063679595,-1.16575,-1.49702,-1.06429,-0.13596,-0.42359,0.97636,-0.3571,-0.51907,-0.34149
2011-08-01,-1.0317013152376,-1.10490270351335,-1.08873,-0.89877,-1.00656,-0.21985,-0.24683,2.4216,-0.45677,-0.6241,-0.9063
2011-09-01,-1.25346877548468,-1.61843798580739,-1.04314,-0.89877,-1.12202,-0.30373,0.73013,2.84576,0.11099,-0.57475,-0.82797
2011-10-01,-1.76943208517423,-1.79283860299289,-1.04314,-0.85609,-0.84906,-0.49947,-0.53081,1.58094,-0.45677,-0.93919,-0.7997
2011-11-01,0.225344798219935,-1.09478116111592,-1.06594,-0.51699,-0.70907,-1.19724,-1.09687,10.06332,-0.45677,-0.93919,-0.17836
2011-12-01,-0.377682192363173,0.186635256227553,-0.81267,-0.04385,-0.01083,-1.28113,-0.89812,5.30664,0.82999,-0.9112,0.64285
2012-01-01,-1.20190721634119,-1.48900352925181,-0.97781,-0.64386,-0.18675,-1.0015,-0.26527,3.33567,-0.3571,-0.54676,-0.08835
2012-02-01,-1.43939183320613,-1.35769494812998,-0.86689,-0.56143,-0.30221,-0.35966,-1.12064,2.38719,-0.45677,-0.54422,-0.28495
2012-03-01,-0.040863442677227,-0.775290549868838,-0.59083,-0.22409,-0.12902,-0.24781,-0.4718,2.13794,0.26223,-0.4392,-0.25668
2012-04-01,-2.23690708695688,-1.09340645124785,-0.88969,-0.39363,-0.35995,-0.91761,-0.43957,1.92579,-0.45677,-0.65179,-0.00354
2012-05-01,-1.40501453264884,-0.8388759814072,-0.97781,-0.73991,-0.53587,0.79766,-0.45556,2.48445,-0.45677,-0.57475,-0.31322
2012-06-01,-1.06650314617831,-0.429411311301533,-0.86689,-0.35095,-0.4204,0.54057,-0.70511,2.71704,-0.45677,-0.57475,-0.59463
2012-07-01,-1.35118568349721,-0.264898516350218,-0.5255,-0.56318,-0.30221,-0.49817,-0.1743,2.63644,0.73032,-0.25967,-0.31322
2012-08-01,-1.72157818300106,-0.139019853912333,-1.0234,-0.30652,-0.44494,-0.69391,-0.0403,1.90724,0.63064,-0.51907,-0.25668
2012-09-01,-1.63315859365118,-0.536789851275518,-0.86689,0.12219,-0.30221,-0.88965,1.52199,1.57467,0.63064,-0.5254,-0.17836
2012-10-01,-0.796923544721519,-0.834983268976104,-0.95502,-0.18141,-0.70907,-0.33816,-0.31102,1.05602,-0.45677,-0.13044,-0.15009
2012-11-01,-1.861734158854,-1.05202291686243,-0.95502,0.03082,-0.53314,-1.08539,-0.93035,0.98967,0.3619,-0.5254,0.58953
2012-12-01,-2.12958337394718,-0.757721575183294,-1.17686,0.28163,-0.7668,-1.2252,-1.1694,1.73743,1.00804,-1.0961,0.35946
2013-01-01,-1.87433927477422,-1.3349655841329,-0.80156,-0.09722,-0.27496,-0.94557,0.00027,1.54572,-0.25743,-0.31535,-0.28495
2013-02-01,-1.86563749035389,-0.895810354026578,-0.88969,0.37417,-0.45088,-0.25427,-0.79609,1.36805,-0.3571,-0.28482,-0.22842
2013-03-01,-2.20249357990409,-1.43429475320494,-0.97781,0.19744,-0.27496,-0.88965,-1.04564,0.49131,-0.45677,-0.17725,-0.14361
2013-04-01,-1.28931638670037,-0.814590117750961,-0.59083,0.54489,-0.59088,-0.7778,-0.88214,0.34799,-0.25743,-0.42038,-0.03181
2013-05-01,-1.66117857862555,-0.420050196580173,-0.59083,0.19861,-0.45088,-0.08003,-0.39655,0.36842,-0.45677,-0.02287,0.22133
2013-06-01,-1.84429163637834,-0.375438152332105,-0.42569,0.19861,-0.7668,0.03182,-0.27607,0.29916,-1.17577,-0.17979,-0.28495
2013-07-01,-1.91107085107267,-1.02628550933171,-0.88969,-0.01537,-0.53314,-0.49817,-0.80715,0.09873,-0.55645,-0.10529,-0.53809
2013-08-01,-2.16863726468296,-0.443805467581464,-1.48475,-0.05337,-0.53314,-0.63799,0.1642,-0.38572,-0.08835,-0.57475,-0.20015
2013-09-01,-2.05138928505941,-0.546191851797909,-0.86689,0.32373,-0.53314,-0.13596,1.58074,0.17265,-0.08835,-0.20778,-0.15009
2013-10-01,-1.54502995416359,-0.29325677989679,-0.59083,0.46245,-0.59088,-0.24781,0.07254,0.33205,-0.25743,-0.20525,0.13132
2013-11-01,-1.01160912530759,-0.00523142909287971,-0.59083,1.01318,-0.59088,-0.24781,-0.23577,-0.185,0.01132,-0.02287,0.94728
2013-12-01,-1.85752269211611,-0.22274730460325,-0.70175,1.17864,-0.41496,-1.08539,-0.89566,0.02976,0.11099,-0.54422,0.75394
2014-01-01,-1.5034948680272,-0.140043836701851,-0.33814,0.88047,-0.09904,-0.08003,0.03223,0.2809,-0.3571,0.23653,0.6178
2014-02-01,-1.55964085657204,-0.139130411976741,-0.23833,0.32665,-0.27496,-0.108,0.20926,0.06425,-0.45677,0.23653,0.47773
2014-03-01,-1.58423264933902,-0.0311167377613326,-0.69064,1.17805,-0.27496,-0.02411,-0.07226,0.13584,0.14126,-0.02287,0.08126
2014-04-01,-1.25460631082282,0.16587518674663,-0.88969,1.22073,-0.41496,0.02536,-0.57111,0.10338,-0.05808,0.08215,0.22261
2014-05-01,-1.405510069364,0.296390277459939,-0.77877,1.1383,-0.59088,0.05978,-0.49885,0.33626,-0.3571,0.6315,0.39293
2014-06-01,-1.69790533128257,0.224529811949961,-0.66785,0.63141,-0.59088,0.22756,-0.38083,0.14004,-0.55645,0.18718,-0.48156
2014-07-01,-1.81728728898169,0.755415296700184,-0.69064,0.53712,-0.53314,0.39533,0.10722,-0.30963,0.01132,0.39724,0.688
2014-08-01,-0.559028323093383,0.628406666124525,-1.75875,0.70491,-0.35722,-0.38632,0.77,0.19352,-0.08835,-0.07476,-0.11534
2014-09-01,-1.59756575561262,1.20612507473134,-0.39178,1.13538,-0.35722,0.86294,2.47709,0.05034,0.01132,0.49848,0.73286
2014-10-01,-1.98213363954032,0.97599613209732,-0.59083,1.69504,-0.41496,0.75109,0.52633,-0.12964,-0.42997,0.60351,0.39293
2014-11-01,-2.5105401726869,1.12632756782424,-0.47991,1.89833,-0.04769,0.63924,-0.3083,0.1057,0.01132,0.52901,1.01228
2014-12-01,-1.84279607290487,1.20776871337667,-0.61363,2.2832,-0.0081,-0.19834,-0.82313,0.51669,0.47941,-0.17725,1.32523
2015-01-01,-1.79927215232798,1.15730956979843,-0.57972,2.02946,0.04963,0.86294,-0.21978,3.43313,0.06492,0.6315,0.7026
2015-02-01,-2.13422491790767,1.08501200517352,-0.57972,1.68202,0.19235,0.77905,-0.48532,1.02172,-0.40317,0.89344,1.12536
2015-03-01,-1.72673314546892,1.46149985165638,-0.30366,2.11482,0.13462,0.91886,-0.29231,2.22844,-0.42997,0.89344,0.56055
2015-04-01,-2.55335039895547,1.71906204912678,-0.39178,1.4312,-0.1813,1.39965,0.28671,0.51871,0.01132,0.89344,0.47575
2015-05-01,-2.13504715715759,0.986458360318059,-0.30366,1.47564,-0.41496,0.31144,0.52521,0.33873,-0.42997,0.78841,-0.14361
2015-06-01,-2.05662235483795,1.18108305282855,-0.57972,0.74759,-0.35722,0.42329,0.31868,0.76782,-0.45677,0.58215,-0.14361
2015-07-01,-1.95583540408326,1.70169854951503,-0.40347,0.70608,-0.29949,1.45015,-0.02185,1.39199,-0.45677,0.79474,0.88787
2015-08-01,-2.17277972307322,1.26983493876426,-0.5483,1.00967,-0.38176,-0.19058,0.90646,-0.63265,-0.55645,0.14037,0.27914
2015-09-01,-2.24509912547011,1.53529967514145,-0.76501,1.09562,0.05235,0.94682,3.5764,-0.41368,-0.45677,0.63403,0.98401
2015-10-01,-2.19532514894325,1.73771124938279,-0.11572,1.8159,0.30415,0.83497,1.90443,-0.41368,-0.42997,0.23907,0.80721
2015-11-01,-2.44857096633663,1.7644068193565,-0.47991,2.92162,0.30415,0.77905,0.00247,-0.41368,-0.42997,0.78841,1.18388
2015-12-01,-1.82120329102158,2.06179549048224,-0.22664,2.24636,0.67781,0.6672,-0.65963,-0.34209,0.01132,0.03281,2.31278
2016-01-01,-2.86008129862761,2.28899346204104,0.33187,2.32996,1.27873,1.14256,-0.0403,-0.14369,0.06492,0.89344,2.33452
2016-02-01,-2.11439964511513,2.28220633412683,-0.0048,2.3288,0.93599,1.22645,0.57929,0.35714,0.01132,1.15539,0.92876
2016-03-01,-2.60335367142237,1.94386638664854,-0.0048,1.81122,0.38642,1.25441,0.72435,0.01774,-0.40317,0.89344,1.09837
2016-04-01,-2.54251217341121,1.84138779865076,1.02882,1.76679,0.44415,1.17053,-0.37811,-0.43193,-0.40317,0.60604,0.59081
2016-05-01,-2.98761780486233,1.97207922093156,0.46559,1.72586,0.44415,1.28238,-0.57111,-0.01907,-0.29598,1.04782,0.56254
2016-06-01,-2.5539903129629,1.68848332219887,-0.39178,1.26166,-0.41496,1.39423,0.15789,0.32221,-0.40317,0.29475,-0.00226
2016-07-01,-2.58536198880866,1.25389701587442,-0.50271,0.62248,-0.04769,0.73088,1.10423,-0.77365,-0.40317,0.39978,-0.19887
2016-08-01,-2.69860729377446,1.84936204081608,-0.63642,0.61955,-0.04769,0.6685,1.07857,-0.90016,0.06492,0.18718,0.39222
2016-09-01,-2.69959418175136,1.83606476197358,0.66072,1.17805,0.0705,1.28238,2.53312,-0.28875,-0.14271,0.49848,1.46529
2016-10-01,-2.61234761138297,1.89344227018777,1.13583,2.06613,0.0705,1.05867,0.61458,-0.30731,-0.08911,0.49848,1.12536
2016-11-01,-2.55074877580406,1.90492477609635,0.35381,2.45508,-0.23904,1.03071,0.52002,0.24424,-0.04303,0.65285,1.14843
2016-12-01,-2.35615394127233,2.63124783247403,0.29711,2.45274,-0.1813,0.75109,0.24368,0.2996,0.41753,0.18972,2.59547
2017-01-01,-1.98241157579049,1.96560322433578,0.45448,1.8539,0.62007,1.28238,0.79908,-0.25427,-0.09663,0.97048,1.91305
2017-02-01,-2.29897514618095,1.88617784343954,0.30102,1.599,0.62007,1.39423,-0.0295,0.26279,-0.15023,1.20473,1.51786
2017-03-01,-1.94827617818943,2.01312435562751,0.58819,1.39028,0.62007,1.25441,-0.14479,-0.54251,-0.20383,1.30976,1.26472
2017-04-01,-1.82026376844422,2.42667649099337,0.85257,1.22073,0.44415,1.31034,0.45021,-0.50585,-0.20383,0.94279,1.23773
2017-05-01,-2.13108187035628,1.92232951276916,0.48838,1.05294,-0.10542,1.36626,0.4662,-0.03762,-0.3035,1.05036,0.73215
2017-06-01,-2.52255195062985,2.22397271104198,0.48838,0.62248,0.0705,1.64589,0.3322,-0.05617,-0.663,0.89344,0.39222
2017-07-01,-2.4082301984967,1.69454004525423,-0.0048,0.74934,-0.1813,1.1159,0.37522,-0.32586,-0.20383,0.79474,0.16735
2017-08-01,-2.37633628819209,1.83952285617801,-0.13852,0.66515,-0.1813,0.83627,0.81549,-0.5057,-0.3035,0.18972,0.64664
2017-09-01,-2.19611528188177,1.76392282759676,0.54732,1.17981,-0.00538,1.39423,2.86311,-0.14587,-0.3035,0.60351,1.2667
2017-10-01,-2.49520426614267,2.47624047269445,1.59263,1.60659,0.30415,1.25441,1.60912,-0.21746,0.19486,0.89598,1.06163
2017-11-01,-2.2267684878482,2.13453973680624,0.4592,2.23976,0.12823,1.08664,-0.08605,-0.20123,0.35566,1.05036,1.46459
2017-12-01,-2.34393412145457,2.19952718940232,0.82339,1.68962,0.56234,0.17163,-0.55513,-0.18268,0.91589,-0.06969,2.48169
2018-01-01,-2.26462410585687,2.47857483002047,1.47002,1.47564,0.62007,1.47811,0.85606,0.44307,0.89257,1.36798,1.20818
2018-02-01,-2.28024393425215,3.01542862998299,0.16034,1.90435,2.17414,1.25441,0.25721,0.89304,0.89257,1.26041,1.32126
2018-03-01,-2.72913057267859,2.5575394795445,0.85009,1.43004,0.44415,1.3383,0.6297,0.85405,-0.00448,1.10604,1.21074
2018-04-01,-2.55250753378295,1.69517180424025,-0.26055,1.09386,0.26823,0.67496,0.27319,-0.11109,0.19486,1.00101,0.16536
2018-05-01,-1.68129721964986,2.43835500756558,0.76196,0.66399,0.3837,1.31034,0.26801,4.9779,0.16806,0.81863,0.42049
2018-06-01,-2.11401633356792,2.447706510208,-0.17242,0.53712,0.06778,1.562,0.41799,3.30383,-0.20383,0.55669,0.59209
2018-07-01,-2.17772156208482,2.50643616509784,1.32048,0.36933,0.2437,1.53404,1.69202,-0.13226,-0.40317,0.76675,0.05555
2018-08-01,-1.56611159604557,2.19993454274978,0.44031,0.45352,-0.24176,0.69646,1.69832,0.36174,-0.42997,0.55416,0.84254
2018-09-01,-1.71404299066884,2.62400659889662,0.54012,0.53887,0.2437,1.47811,4.28579,2.31217,0.16459,0.92366,1.52112
2018-10-01,-1.69508629553789,2.5573902008855,0.47479,1.3932,0.47735,1.25441,1.66567,5.37158,-0.3035,0.86798,0.87151
2018-11-01,-1.73580307872315,2.82746498297776,1.03803,1.68903,0.67508,1.67928,1.21257,2.80732,-0.3035,0.60604,1.37907
2018-12-01,-2.07359325984278,2.43132996316774,0.92711,1.30668,0.44143,0.8909,0.00545,1.71829,0.16459,-0.2546,2.70784
2019-01-01,-2.13063994152152,2.51800983772627,1.49034,1.13713,0.61735,1.42219,1.53738,0.72157,0.26426,1.31863,1.60266
2019-02-01,-2.61605436056199,3.00154987610031,0.76196,2.75894,1.00915,1.39423,1.1851,0.79316,-0.20383,1.07804,0.95632
2019-03-01,-2.83849267203527,2.81390243444433,0.37498,1.05002,0.95142,1.36626,1.11283,0.31088,0.36393,1.33998,0.75773
2019-04-01,-2.65177277891694,2.81392875513718,0.37498,0.88223,0.44143,1.31034,0.69977,0.29495,-0.00448,0.66425,2.08324
2019-05-01,-3.17076985600939,2.74224342119888,0.37498,0.9249,0.32597,1.36626,1.22609,1.09575,0.46361,1.26295,0.78671
2019-06-01,-1.87893600248932,2.40888171822406,-0.28334,0.07174,0.01004,1.58996,1.86659,2.33261,-0.20383,0.76928,-0.00297
2019-07-01,-2.03172654659255,2.11981101259027,-0.89217,0.23954,0.01004,1.61793,1.49409,1.08527,-0.10416,0.87178,0.44805
2019-08-01,-2.20924928572196,2.84945772340941,-0.52798,0.24129,0.2437,0.72442,2.08188,1.4251,0.16459,0.50734,2.46312
2019-09-01,-2.17628360569929,2.83188940822017,-0.34004,0.32665,0.55323,1.47811,4.73505,1.7067,0.36393,1.07551,2.51067
2019-10-01,-1.99865584653575,2.74891412979384,0.13034,1.34877,0.55323,1.28238,2.29921,0.36624,-0.00448,1.39566,1.77426
2019-11-01,-2.81355592040861,2.81470029734906,0.15314,1.68903,0.50189,1.70724,0.84007,0.36624,0.46361,1.23242,1.74529
2019-12-01,-2.41838889514919,2.85791733391088,-0.20633,1.56158,0.44415,0.8909,0.31894,0.09873,1.23071,0.11237,3.18387
2020-01-01,-2.67351302167821,3.72261846526503,0.29797,1.4834,1.10281,1.9589,1.51007,0.06163,1.6672,1.89819,2.7283
2020-02-01,-3.6853990181775,1.70190762378402,-0.34867,0.96758,0.86915,1.19849,0.56577,-0.20618,0.30958,1.13625,0.44805
2020-03-01,-1.59512656369908,1.0715135654072,0.82787,1.1829,1.00643,-0.22631,-0.92737,4.15534,0.42431,-0.09104,-1.40627
2020-04-01,0.47208433365125,2.63732215815251,1.98882,3.53016,1.29509,0.02536,-0.88434,3.63947,0.8531,-1.11239,-1.03807
2020-05-01,-0.476732145805528,3.85025995190229,2.15644,1.82074,0.75097,2.1826,0.26403,2.35769,3.84785,-0.51147,-0.43851
2020-06-01,-1.89277160131019,4.45142728745722,1.30546,1.22249,0.78689,2.74186,1.56688,0.70752,2.58498,0.61997,0.01379
2020-07-01,-2.13894097910207,3.53296241829487,0.17203,0.62131,0.47735,2.43427,1.46731,-0.00996,2.9141,0.66679,0.09789
2020-08-01,-1.78975775934569,2.95871889684712,0.03831,0.96758,0.65327,1.58996,1.11326,-0.58194,2.20134,0.04041,0.84638
2020-09-01,-2.00442489717652,2.48192959478075,0.28295,1.13713,0.47735,1.42219,3.01608,-0.34673,2.27844,1.21613,0.92933
2020-10-01,-2.37430122526941,1.32055108299095,-0.02702,1.60543,0.18597,1.1146,0.25475,-0.16907,1.42086,0.77182,-0.43092
2020-11-01,-2.38649883063847,1.69609079141224,1.54762,2.28904,0.26185,1.00275,-1.29468,-0.00734,2.11012,0.25046,-0.58506
2020-12-01,-2.22734180305587,2.13170482917741,1.35968,1.94219,0.57777,0.83497,-1.34345,-0.25659,1.60515,0.38349,0.41096
2021-01-01,-2.23113111247166,1.68248446717642,1.08362,1.94761,1.18507,1.93094,-0.30804,-0.13197,1.04567,0.76928,-0.46678
2021-02-01,-1.24098002520651,2.26018954554639,0.66993,1.47622,1.361,1.36626,-0.35106,1.44602,0.42431,1.08057,-0.15582
2021-03-01,-0.882889913121314,2.45895762560199,1.41638,1.43179,1.18507,1.28238,-0.97613,-0.48991,1.03739,0.92619,-0.46678
2021-04-01,-0.90595828798184,2.84606813033201,1.0294,1.38911,0.81142,1.562,-0.62986,-0.47136,1.09851,1.2957,-0.46678
2021-05-01,-0.778337772462529,2.33094094850117,1.0294,0.96934,0.55323,1.45015,-0.00807,-0.3263,0.7459,1.18814,-0.25611
2021-06-01,-1.05443604446334,2.44531861247623,0.09501,0.49619,0.06778,1.67385,0.89524,-0.46948,1.11356,0.74635,0.27972
2021-07-01,-1.09125603861284,2.94354591670654,-0.01591,0.20153,0.53508,2.01483,0.72094,-1.02741,0.73837,1.72468,1.61889
2021-08-01,-1.28720037909208,3.15017839983503,0.01551,0.79979,0.47735,1.50608,2.20508,-1.02741,1.10679,0.98441,1.21131
2021-09-01,-0.312267065829448,2.94680293220081,0.75806,1.2741,1.47008,1.562,4.0847,-0.61454,0.57758,1.61585,0.84452
2021-10-01,0.6779836016914,3.12807939120965,1.0294,1.61261,1.80105,1.17053,1.85691,-0.66758,0.72332,1.35391,1.01286
2021-11-01,1.71827725403983,3.35983431428549,1.33936,1.60659,1.16054,1.14256,0.68175,-0.5615,2.01889,1.82591,0.52638
2021-12-01,2.54656062623925,3.26580155241869,1.0294,1.39379,1.49461,0.86294,-0.55241,-0.61454,2.51672,1.04262,1.37907
2022-01-01,2.95471739418119,3.30066266964009,1.73746,1.39087,2.90329,1.9589,0.09396,-0.39977,1.5901,2.27656,0.42049
2022-02-01,3.7345832566055,6.44460520846918,1.4725,1.73539,5.63295,1.98686,1.1698,0.38697,2.8396,2.54104,0.39152
2022-03-01,4.82076997045934,11.5042705327509,2.78218,4.17092,12.53853,2.01483,1.33059,0.15627,3.78127,2.80298,0.70318
2022-04-01,3.86098174703959,6.65167851334003,2.02463,2.24344,3.42561,1.45015,1.45379,-0.47136,2.11932,2.48282,1.64716
2022-05-01,4.78473355284273,6.93774313585377,1.85948,1.90727,2.25058,2.09872,1.58533,-0.0956,4.79137,2.86119,1.27967
2022-06-01,8.05487885172407,7.26805256939101,2.47222,1.55983,3.21022,2.09872,2.12133,0.52724,4.11641,2.09672,1.73267
2022-07-01,8.26650900540407,6.01865247932457,1.61485,1.22073,2.51743,2.1826,1.9738,0.20219,3.56537,2.04483,1.36575
2022-08-01,5.80245492600719,6.87373111458882,1.48113,1.6025,3.20334,2.01483,3.08545,-0.06488,3.40533,1.88159,2.35459
2022-09-01,7.7656336460567,7.40715083079758,1.91371,2.62947,4.47241,1.93094,6.80054,0.47261,3.4422,2.0385,1.46388
2022-10-01,7.7125824213412,7.11294305479229,1.84838,3.31116,4.47241,1.17053,3.28135,0.20481,3.78052,2.59038,1.32382
2022-11-01,8.48651074520214,6.81315243784151,1.9593,2.92221,3.24603,1.65131,1.46186,-0.08155,4.76219,2.69541,1.32382
2022-12-01,5.54771685598192,6.07712793234372,1.79168,2.79184,2.76057,0.77905,0.91779,-0.27776,3.04519,1.91212,3.10034
2023-01-01,8.88558866572979,7.02713014362527,2.22367,2.66322,5.15343,1.79113,2.12694,0.1351,2.78397,3.17374,3.31132
2023-02-01,5.71835014722979,6.92909302298774,2.04742,2.49542,4.16925,1.76316,1.52113,-0.18762,2.53102,3.33066,1.35208
2023-03-01,8.36091995081327,6.46800109186499,2.08133,2.20076,2.87876,1.81909,1.43534,-0.25921,1.19141,3.33319,1.54997
2023-04-01,4.41010076145207,6.74288984807576,1.85948,2.2832,2.31104,1.76316,1.80512,-0.39977,1.39828,3.22309,2.11279
2023-05-01,4.72531580958248,6.55728433567439,1.88228,1.98854,2.2533,2.16006,1.67138,0.03165,2.08847,3.43822,1.46388
2023-06-01,5.75825493204615,6.33132309309781,2.43441,1.43296,1.76146,1.7352,2.10288,-0.00546,2.55452,3.0219,1.80112
2023-07-01,6.40902388606886,8.25055913277187,2.13555,1.3932,2.2865,3.96594,2.84023,-0.50847,3.8523,2.88381,3.9858
2023-08-01,6.70758166714881,8.09944838934343,1.59205,2.45742,3.21567,2.27191,3.45303,-0.79656,2.52425,2.46749,4.52618
2023-09-01,7.5748559560779,7.25302893824811,2.15834,2.54511,3.00289,1.7352,6.58007,-0.09748,2.32415,3.25331,2.76169
2023-10-01,14.5918336424025,7.01110756667554,2.93231,3.01458,2.96969,1.5115,3.48815,0.48855,2.60188,3.47097,2.02926
2023-11-01,5.69530000985655,6.79414741143188,2.38018,3.60799,2.85422,1.37169,2.00469,-0.1185,1.88912,3.12946,2.6756
2023-12-01,3.72684298960296,6.76656019221538,2.32348,3.22155,3.17014,1.17595,1.44887,0.15177,1.75165,2.75996,2.93201
2024-01-01,4.36039474919877,6.94043107116446,2.9159,2.50127,4.42744,2.10414,2.22924,-0.04444,1.99632,4.33667,2.91485
2024-02-01,3.57548017989021,6.17821697910832,2.63593,1.3932,4.06017,1.9084,1.13961,-0.48976,1.60515,3.62661,1.04042
2024-03-01,2.84857075474696,6.34839656292843,2.54781,1.47564,3.39241,1.34372,1.02432,-0.20356,1.35221,3.73418,1.35138
2024-04-01,3.33107601110334,5.79234217507238,2.32596,1.09562,2.45103,1.79655,1.68736,-0.38122,0.86907,3.23418,0.70247
2024-05-01,2.48610162302109,5.77429941488582,3.18333,0.9705,2.2533,1.76859,1.83488,-0.43426,0.93094,3.52158,0.70446
2024-06-01,2.15847447268205,5.40928304323612,1.96178,0.75828,1.76146,1.31576,1.85087,-0.25471,1.13029,3.26217,2.02471
2024-07-01,1.78234242986395,5.44896192468752,2.32596,0.36933,1.93738,1.96433,2.01437,-0.63294,1.44511,2.70776,2.57946
2024-08-01,2.07127443974226,5.16760976600943,1.97041,0.80096,1.99512,1.39965,2.77646,-0.52628,0.72407,2.02317,2.66356
2024-09-01,2.03095216045334,4.9128469070942,2.54781,0.92899,2.5383,1.9084,5.3504,-0.45281,1.03814,2.86467,0.78728
2024-10-01,2.1400785698837,5.74863352962959,3.81495,1.94802,2.48057,1.79655,3.00731,-0.18297,1.28356,3.62661,1.1542
2024-11-01,1.98662373826133,6.75639895107859,3.68124,2.93815,2.56284,1.6847,1.96616,-0.45281,2.18044,3.41655,2.19631
2024-12-01,2.31183897860573,6.00984679155237,2.78996,1.85741,2.19557,0.95225,1.09931,-0.32818,3.89085,2.44582,2.33766
